,id,gender,age,education,employment_status,start_field,end_field
0,0,F,40,Master,Unemployed,Engineering,IT
1,1,F,30,HighSchool,Employed,IT,IT
2,2,F,31,Master,Employed,Media,Media
3,3,F,43,Master,Employed,Science,Science
4,4,F,30,Master,Unemployed,Education,Education
5,5,F,30,PhD,Unemployed,Science,Science
6,6,F,51,Master,Unemployed,IT,IT
7,7,M,31,Bachelor,Unemployed,IT,IT
8,8,M,21,PhD,Unemployed,Administration,Administration
9,9,F,20,Master,Employed,Hospitality,Hospitality
10,10,nonbinary,28,Bachelor,Employed,Engineering,IT
11,11,M,24,Bachelor,Employed,IT,IT
12,12,M,54,HighSchool,Unemployed,Administration,Administration
13,13,nonbinary,36,PhD,Unemployed,Construction,Construction
14,14,F,83,PhD,Unemployed,Science,IT
15,15,NS,83,Bachelor,Employed,Science,IT
16,16,F,30,Bachelor,Unemployed,Science,Science
17,17,F,38,Master,Unemployed,Education,Education
18,18,F,31,Master,Employed,Media,Media
19,19,M,31,PhD,Unemployed,Education,Education
20,20,F,85,Bachelor,Unemployed,Engineering,Engineering
21,21,M,34,Master,Unemployed,Science,IT
22,22,F,49,Bachelor,Employed,IT,IT
23,23,nonbinary,31,PhD,Unemployed,IT,IT
24,24,F,29,Master,Employed,Business,Business
25,25,F,26,HighSchool,Employed,IT,IT
26,26,M,33,Master,Unemployed,IT,IT
27,27,F,48,PhD,Employed,Media,IT
28,28,M,73,Bachelor,Unemployed,IT,IT
29,29,F,36,Master,Unemployed,Science,Science
30,30,F,60,Bachelor,Employed,Science,IT
31,31,F,35,PhD,Unemployed,Science,Science
32,32,F,38,Master,Unemployed,Engineering,IT
33,33,F,38,PhD,Unemployed,Engineering,IT
34,34,F,40,Bachelor,Employed,IT,IT
35,35,nonbinary,41,PhD,Unemployed,Hospitality,Hospitality
36,36,M,37,PhD,Employed,IT,IT
37,37,F,22,HighSchool,Employed,Engineering,Engineering
38,38,F,36,Bachelor,Unemployed,IT,IT
39,39,F,37,Bachelor,Unemployed,IT,IT
40,40,F,31,Bachelor,Unemployed,Education,IT
41,41,F,31,Bachelor,Unemployed,IT,IT
42,42,F,30,Master,Unemployed,Farming,Farming
43,43,NS,28,Master,Unemployed,IT,IT
44,44,NS,42,Master,Unemployed,IT,IT
45,45,M,41,PhD,Employed,Management,Management
46,46,F,39,PhD,Employed,Hospitality,Hospitality
47,47,F,36,Master,Unemployed,Science,Science
48,48,F,43,PhD,Unemployed,IT,IT
49,49,F,50,Bachelor,Unemployed,IT,IT
50,50,F,34,PhD,Unemployed,Education,IT
51,51,M,32,Bachelor,Employed,Science,Science
52,52,F,48,Bachelor,Employed,Engineering,Engineering
53,53,F,35,Master,Employed,Education,Education
54,54,M,37,Master,Employed,Engineering,Engineering
55,55,F,43,Bachelor,Employed,Engineering,IT
56,56,F,31,Master,Unemployed,Business,Business
57,57,F,38,Master,Unemployed,Law,IT
58,58,F,39,Bachelor,Unemployed,Engineering,Engineering
59,59,M,38,Bachelor,Employed,Farming,Farming
60,60,nonbinary,29,HighSchool,Employed,IT,IT
61,61,F,34,Master,Employed,Business,Business
62,62,F,43,HighSchool,Employed,Business,Business
63,63,NS,30,Master,Employed,IT,IT
64,64,F,29,Master,Unemployed,Science,Science
65,65,F,60,Bachelor,Employed,Science,IT
66,66,F,54,Master,Employed,Engineering,Engineering
67,67,F,31,Master,Employed,IT,IT
68,68,F,38,Master,Employed,Engineering,Engineering
69,69,F,52,Master,Unemployed,Media,Media
70,70,M,34,Bachelor,Unemployed,Hospitality,Hospitality
71,71,F,34,Bachelor,Unemployed,Science,Science
72,72,F,30,Bachelor,Unemployed,IT,IT
73,73,F,26,Master,Employed,IT,IT
74,74,F,30,HighSchool,Unemployed,Science,Science
75,75,M,49,Bachelor,Unemployed,Health,Health
76,76,NS,60,Bachelor,Employed,Science,Science
77,77,F,25,PhD,Employed,Business,Business
78,78,F,44,Master,Unemployed,IT,IT
79,79,F,36,Bachelor,Unemployed,Farming,Farming
80,80,F,32,HighSchool,Unemployed,IT,IT
81,81,F,37,PhD,Unemployed,Education,Education
82,82,F,40,PhD,Employed,IT,IT
83,83,F,35,Master,Unemployed,Media,Media
84,84,F,43,Master,Employed,Education,Education
85,85,F,20,Bachelor,Employed,Business,IT
86,86,F,50,Master,Unemployed,IT,IT
87,87,F,31,PhD,Employed,Hospitality,Hospitality
88,88,M,58,Master,Unemployed,Science,Science
89,89,F,22,Bachelor,Employed,IT,IT
90,90,nonbinary,52,Bachelor,Employed,Education,IT
91,91,F,33,Master,Unemployed,Science,Science
92,92,F,41,Master,Employed,Business,IT
93,93,M,28,Bachelor,Employed,IT,IT
94,94,F,36,Bachelor,Employed,Science,Science
95,95,M,38,PhD,Unemployed,Science,Science
96,96,M,34,Bachelor,Employed,Science,Science
97,97,M,35,Bachelor,Employed,Engineering,IT
98,98,F,32,PhD,Unemployed,Education,IT
99,99,F,38,Master,Unemployed,Science,Science
100,100,F,30,PhD,Employed,Science,IT
101,101,F,32,Master,Employed,Science,IT
102,102,F,34,Bachelor,Unemployed,Hospitality,Hospitality
103,103,F,32,Bachelor,Unemployed,Business,Business
104,104,F,34,PhD,Unemployed,Construction,Construction
105,105,F,30,PhD,Employed,IT,IT
106,106,NS,31,Bachelor,Employed,Science,Science
107,107,F,33,PhD,Employed,IT,IT
108,108,F,44,Master,Unemployed,IT,IT
109,109,NS,40,Master,Unemployed,Engineering,Engineering
110,110,F,58,Bachelor,Employed,Engineering,Engineering
111,111,F,40,PhD,Employed,Science,Science
112,112,F,38,PhD,Employed,Engineering,IT
113,113,M,47,Bachelor,Employed,Administration,Administration
114,114,F,33,Bachelor,Unemployed,IT,IT
115,115,M,20,Master,Unemployed,Education,IT
116,116,nonbinary,30,Master,Employed,IT,IT
117,117,F,26,PhD,Unemployed,Science,Science
118,118,nonbinary,30,Master,Unemployed,Media,Media
119,119,F,32,Master,Unemployed,IT,IT
120,120,F,35,Master,Unemployed,IT,IT
121,121,F,29,Master,Employed,Engineering,Engineering
122,122,M,25,Master,Employed,Science,Science
123,123,F,38,HighSchool,Employed,Engineering,IT
124,124,nonbinary,21,Master,Unemployed,Law,Law
125,125,F,35,HighSchool,Employed,Science,Science
126,126,F,58,Bachelor,Unemployed,Business,Business
127,127,nonbinary,56,HighSchool,Employed,IT,IT
128,128,F,34,Master,Employed,Administration,Administration
129,129,M,38,HighSchool,Employed,IT,IT
130,130,M,27,PhD,Unemployed,Business,Business
131,131,F,28,HighSchool,Unemployed,Science,Science
132,132,F,66,Bachelor,Unemployed,IT,IT
133,133,F,47,Bachelor,Employed,IT,IT
134,134,F,55,Bachelor,Unemployed,Business,Business
135,135,F,38,HighSchool,Employed,IT,IT
136,136,F,28,Bachelor,Employed,Engineering,Engineering
137,137,F,51,Bachelor,Employed,Science,Science
138,138,nonbinary,37,Bachelor,Employed,IT,IT
139,139,F,39,PhD,Employed,IT,IT
140,140,F,26,Bachelor,Unemployed,Media,Media
141,141,F,48,PhD,Unemployed,IT,IT
142,142,nonbinary,49,Master,Unemployed,Science,Science
143,143,F,49,Master,Employed,Business,Business
144,144,M,35,Bachelor,Employed,Science,Science
145,145,F,36,PhD,Employed,Education,Education
146,146,nonbinary,38,Master,Employed,Business,Business
147,147,F,40,Bachelor,Employed,Education,Education
148,148,F,24,PhD,Unemployed,Education,Education
149,149,M,28,Master,Unemployed,Engineering,IT
150,150,nonbinary,85,PhD,Employed,Education,Education
151,151,F,40,Bachelor,Unemployed,Hospitality,Hospitality
152,152,M,35,HighSchool,Unemployed,Engineering,IT
153,153,F,25,Master,Employed,IT,IT
154,154,F,51,Master,Employed,Science,Science
155,155,F,31,Master,Employed,Education,Education
156,156,F,89,Bachelor,Employed,Education,IT
157,157,F,32,Bachelor,Employed,IT,IT
158,158,F,46,Master,Unemployed,Business,IT
159,159,F,30,Master,Unemployed,Media,Media
160,160,F,33,Bachelor,Employed,Business,Business
161,161,M,25,Master,Employed,Education,Education
162,162,M,32,Bachelor,Unemployed,Business,Business
163,163,M,27,Bachelor,Employed,Engineering,IT
164,164,F,33,Master,Employed,Education,Education
165,165,F,53,PhD,Unemployed,Science,Science
166,166,M,43,Bachelor,Employed,IT,IT
167,167,nonbinary,56,PhD,Employed,Law,Law
168,168,M,52,Master,Employed,Business,Business
169,169,nonbinary,35,PhD,Employed,Media,Media
170,170,F,30,Bachelor,Employed,Engineering,IT
171,171,F,42,Master,Unemployed,Education,IT
172,172,F,40,Bachelor,Employed,Media,IT
173,173,F,37,PhD,Unemployed,Science,IT
174,174,F,30,Master,Employed,Health,Health
175,175,F,58,Master,Unemployed,Farming,Farming
176,176,nonbinary,24,PhD,Unemployed,IT,IT
177,177,F,44,Bachelor,Employed,Health,IT
178,178,nonbinary,40,Bachelor,Unemployed,Education,Education
179,179,F,21,Bachelor,Unemployed,IT,IT
180,180,F,58,PhD,Unemployed,Management,Management
181,181,F,53,Master,Employed,Education,Education
182,182,F,32,Master,Employed,IT,IT
183,183,F,33,HighSchool,Unemployed,Education,Education
184,184,F,50,Master,Unemployed,Education,Education
185,185,F,55,Master,Employed,Media,Media
186,186,F,60,PhD,Unemployed,IT,IT
187,187,F,36,PhD,Employed,IT,IT
188,188,F,32,PhD,Employed,Engineering,Engineering
189,189,M,56,PhD,Employed,Science,IT
190,190,F,53,Bachelor,Unemployed,IT,IT
191,191,F,34,Master,Employed,Health,Health
192,192,F,33,Bachelor,Employed,IT,IT
193,193,NS,40,Bachelor,Unemployed,Business,Business
194,194,F,48,PhD,Unemployed,Media,IT
195,195,F,37,Bachelor,Unemployed,Business,Business
196,196,M,40,Master,Employed,Business,Business
197,197,F,27,PhD,Employed,Health,Health
198,198,M,37,HighSchool,Employed,IT,IT
199,199,F,48,Bachelor,Employed,Media,Media
200,200,F,22,Bachelor,Unemployed,Science,Science
201,201,F,37,Master,Employed,Administration,Administration
202,202,F,43,Bachelor,Employed,Business,Business
203,203,F,40,Master,Employed,IT,IT
204,204,F,35,PhD,Employed,IT,IT
205,205,F,37,Bachelor,Employed,Science,Science
206,206,F,59,Master,Employed,IT,IT
207,207,M,29,Bachelor,Unemployed,Business,IT
208,208,F,77,Bachelor,Unemployed,Management,Management
209,209,F,27,Bachelor,Employed,Engineering,IT
210,210,F,59,Master,Employed,Education,IT
211,211,NS,33,PhD,Unemployed,IT,IT
212,212,F,21,Master,Employed,IT,IT
213,213,F,56,HighSchool,Employed,Management,Management
214,214,F,35,PhD,Employed,Construction,IT
215,215,F,21,Master,Employed,IT,IT
216,216,NS,40,Bachelor,Unemployed,Science,Science
217,217,F,48,PhD,Employed,Science,Science
218,218,nonbinary,25,PhD,Unemployed,Engineering,Engineering
219,219,F,39,PhD,Unemployed,Education,Education
220,220,NS,55,Bachelor,Unemployed,Science,IT
221,221,F,55,Master,Unemployed,IT,IT
222,222,F,29,Bachelor,Employed,IT,IT
223,223,F,25,HighSchool,Employed,Education,Education
224,224,M,84,Bachelor,Employed,Engineering,Engineering
225,225,nonbinary,34,PhD,Employed,Education,Education
226,226,F,51,Master,Unemployed,Management,Management
227,227,F,50,Bachelor,Employed,Health,Health
228,228,F,37,HighSchool,Unemployed,Education,Education
229,229,NS,32,Bachelor,Unemployed,IT,IT
230,230,F,27,PhD,Unemployed,Education,Education
231,231,F,40,Bachelor,Unemployed,Business,Business
232,232,M,56,Bachelor,Employed,IT,IT
233,233,F,47,Master,Employed,Hospitality,Hospitality
234,234,M,35,PhD,Unemployed,Education,IT
235,235,F,36,Master,Unemployed,Science,IT
236,236,M,40,HighSchool,Unemployed,Engineering,IT
237,237,F,45,PhD,Unemployed,Science,IT
238,238,F,48,Bachelor,Employed,Education,Education
239,239,F,22,PhD,Employed,Education,IT
240,240,F,39,Master,Employed,Science,IT
241,241,F,46,Master,Unemployed,Law,Law
242,242,F,35,Master,Employed,Science,Science
243,243,F,21,PhD,Employed,Science,Science
244,244,F,33,HighSchool,Employed,Business,Business
245,245,F,40,Master,Employed,Science,Science
246,246,F,70,PhD,Unemployed,Management,Management
247,247,F,47,Master,Unemployed,Education,Education
248,248,F,50,Master,Unemployed,Science,Science
249,249,M,30,HighSchool,Employed,IT,IT
250,250,nonbinary,44,PhD,Employed,IT,IT
251,251,M,28,PhD,Unemployed,IT,IT
252,252,F,45,Master,Employed,IT,IT
253,253,F,49,PhD,Unemployed,Engineering,Engineering
254,254,M,30,Master,Employed,Science,Science
255,255,F,47,HighSchool,Employed,Farming,Farming
256,256,F,29,Bachelor,Employed,Science,Science
257,257,M,22,Bachelor,Employed,Administration,Administration
258,258,M,39,Bachelor,Unemployed,Engineering,Engineering
259,259,F,50,Master,Unemployed,IT,IT
260,260,F,41,Bachelor,Unemployed,Business,Business
261,261,M,36,Bachelor,Employed,IT,IT
262,262,NS,43,PhD,Employed,Business,Business
263,263,M,32,Master,Unemployed,Science,IT
264,264,F,59,HighSchool,Employed,IT,IT
265,265,M,88,Bachelor,Employed,Science,Science
266,266,M,38,PhD,Employed,IT,IT
267,267,F,59,Master,Unemployed,Business,Business
268,268,F,25,Master,Unemployed,Science,Science
269,269,F,86,PhD,Unemployed,IT,IT
270,270,F,24,Bachelor,Employed,Business,Business
271,271,F,38,PhD,Employed,IT,IT
272,272,F,44,PhD,Unemployed,Business,Business
273,273,nonbinary,47,Bachelor,Employed,Education,IT
274,274,M,37,Master,Employed,IT,IT
275,275,NS,33,Master,Employed,Business,Business
276,276,F,27,HighSchool,Unemployed,Farming,IT
277,277,F,24,Bachelor,Employed,Media,Media
278,278,F,50,Bachelor,Unemployed,Engineering,IT
279,279,F,43,Bachelor,Unemployed,IT,IT
280,280,F,30,Master,Employed,Science,Science
281,281,NS,51,Bachelor,Employed,Education,Education
282,282,nonbinary,59,HighSchool,Employed,IT,IT
283,283,F,36,PhD,Unemployed,Engineering,IT
284,284,F,40,Master,Employed,Business,Business
285,285,F,48,Master,Unemployed,Education,Education
286,286,F,24,Bachelor,Unemployed,IT,IT
287,287,F,34,HighSchool,Unemployed,Science,Science
288,288,F,35,Master,Employed,Engineering,Engineering
289,289,F,22,Master,Unemployed,Science,IT
290,290,NS,23,PhD,Employed,Science,Science
291,291,F,22,Bachelor,Unemployed,Administration,Administration
292,292,F,35,Bachelor,Unemployed,IT,IT
293,293,F,34,HighSchool,Unemployed,Science,IT
294,294,F,38,HighSchool,Employed,Education,Education
295,295,nonbinary,49,Master,Unemployed,IT,IT
296,296,M,28,Master,Employed,Engineering,IT
297,297,F,44,PhD,Employed,Science,IT
298,298,F,32,Bachelor,Employed,Education,Education
299,299,F,32,PhD,Unemployed,Business,Business
300,300,F,23,Master,Unemployed,IT,IT
301,301,NS,43,HighSchool,Employed,Media,Media
302,302,F,49,Bachelor,Unemployed,Engineering,IT
303,303,F,43,Bachelor,Unemployed,Construction,Construction
304,304,F,41,HighSchool,Unemployed,Media,Media
305,305,F,30,PhD,Unemployed,Media,Media
306,306,nonbinary,44,PhD,Unemployed,Science,Science
307,307,F,34,Master,Unemployed,Media,Media
308,308,NS,34,Bachelor,Unemployed,Engineering,Engineering
309,309,F,31,Bachelor,Employed,Science,Science
310,310,F,47,Master,Unemployed,Construction,Construction
311,311,F,40,HighSchool,Employed,Engineering,Engineering
312,312,F,40,Master,Employed,IT,IT
313,313,F,40,HighSchool,Unemployed,Hospitality,Hospitality
314,314,F,32,Bachelor,Employed,IT,IT
315,315,F,26,Bachelor,Unemployed,Science,Science
316,316,F,49,PhD,Employed,Hospitality,Hospitality
317,317,F,30,HighSchool,Unemployed,IT,IT
318,318,F,38,Master,Unemployed,Administration,Administration
319,319,NS,44,PhD,Unemployed,Media,Media
320,320,F,38,Master,Unemployed,IT,IT
321,321,F,30,HighSchool,Unemployed,Hospitality,Hospitality
322,322,M,37,HighSchool,Unemployed,Education,IT
323,323,F,21,Master,Unemployed,Media,IT
324,324,F,40,Bachelor,Unemployed,Education,Education
325,325,M,56,Bachelor,Employed,IT,IT
326,326,F,73,Master,Unemployed,Management,Management
327,327,F,25,PhD,Employed,Science,Science
328,328,F,64,PhD,Unemployed,Science,Science
329,329,F,45,Master,Unemployed,IT,IT
330,330,M,32,Master,Employed,Health,Health
331,331,F,23,Bachelor,Unemployed,Management,Management
332,332,F,57,PhD,Employed,Science,Science
333,333,nonbinary,37,PhD,Employed,Business,Business
334,334,F,38,Master,Unemployed,IT,IT
335,335,F,31,Master,Employed,Business,Business
336,336,F,40,Master,Unemployed,Engineering,Engineering
337,337,M,59,Master,Unemployed,IT,IT
338,338,F,56,Master,Unemployed,Business,Business
339,339,F,50,HighSchool,Employed,Education,Education
340,340,nonbinary,28,Master,Unemployed,Farming,Farming
341,341,F,54,Master,Unemployed,IT,IT
342,342,F,34,Master,Unemployed,Engineering,Engineering
343,343,M,39,Master,Employed,Education,Education
344,344,NS,60,Bachelor,Unemployed,Business,Business
345,345,F,37,Master,Unemployed,IT,IT
346,346,F,34,Bachelor,Employed,IT,IT
347,347,NS,41,Master,Employed,Engineering,IT
348,348,F,21,Master,Unemployed,Education,IT
349,349,F,30,PhD,Unemployed,IT,IT
350,350,F,42,Master,Employed,IT,IT
351,351,nonbinary,39,Bachelor,Unemployed,IT,IT
352,352,F,31,PhD,Unemployed,Business,IT
353,353,F,21,HighSchool,Unemployed,IT,IT
354,354,F,39,PhD,Unemployed,Media,Media
355,355,NS,40,Master,Employed,Administration,Administration
356,356,F,57,HighSchool,Employed,Science,Science
357,357,F,43,Bachelor,Unemployed,Science,Science
358,358,F,47,Bachelor,Employed,Science,Science
359,359,F,20,Master,Unemployed,Engineering,Engineering
360,360,F,46,Bachelor,Unemployed,IT,IT
361,361,M,27,HighSchool,Unemployed,Engineering,IT
362,362,F,30,Master,Unemployed,IT,IT
363,363,F,35,PhD,Employed,IT,IT
364,364,F,23,Bachelor,Employed,IT,IT
365,365,F,32,Master,Employed,IT,IT
366,366,F,45,PhD,Unemployed,Construction,IT
367,367,F,40,PhD,Employed,Science,Science
368,368,nonbinary,44,PhD,Unemployed,IT,IT
369,369,nonbinary,39,Master,Employed,Engineering,IT
370,370,F,52,Master,Employed,IT,IT
371,371,F,36,Master,Employed,Education,Education
372,372,M,36,Master,Employed,IT,IT
373,373,nonbinary,60,Master,Unemployed,IT,IT
374,374,M,54,PhD,Employed,Science,Science
375,375,F,35,Bachelor,Employed,Administration,Administration
376,376,F,32,Bachelor,Unemployed,Engineering,IT
377,377,F,50,PhD,Employed,Education,Education
378,378,F,35,HighSchool,Unemployed,Business,Business
379,379,NS,35,Bachelor,Employed,Engineering,IT
380,380,F,48,HighSchool,Employed,Science,IT
381,381,nonbinary,54,PhD,Unemployed,Education,Education
382,382,F,20,Master,Unemployed,Science,Science
383,383,F,30,PhD,Employed,Science,Science
384,384,F,31,Bachelor,Unemployed,IT,IT
385,385,F,58,PhD,Unemployed,Media,IT
386,386,F,43,Bachelor,Employed,Business,Business
387,387,F,37,Master,Employed,Engineering,IT
388,388,F,33,Bachelor,Unemployed,Science,Science
389,389,F,45,HighSchool,Employed,Science,IT
390,390,M,50,Bachelor,Unemployed,Business,Business
391,391,F,48,Master,Unemployed,IT,IT
392,392,M,26,Master,Employed,Education,Education
393,393,F,40,Master,Employed,Science,Science
394,394,F,34,PhD,Unemployed,IT,IT
395,395,F,34,Master,Employed,IT,IT
396,396,F,23,Bachelor,Unemployed,Education,Education
397,397,F,34,Bachelor,Unemployed,Hospitality,Hospitality
398,398,M,46,Bachelor,Unemployed,Hospitality,Hospitality
399,399,F,34,PhD,Employed,Science,Science
400,400,F,31,Bachelor,Unemployed,Education,Education
401,401,F,30,PhD,Unemployed,Media,Media
402,402,M,35,PhD,Unemployed,IT,IT
403,403,M,54,PhD,Employed,IT,IT
404,404,M,59,Master,Employed,IT,IT
405,405,F,33,Bachelor,Employed,Science,Science
406,406,F,31,Master,Employed,Management,Management
407,407,F,37,Master,Employed,Administration,Administration
408,408,M,28,HighSchool,Employed,IT,IT
409,409,F,60,Master,Employed,IT,IT
410,410,F,32,HighSchool,Employed,IT,IT
411,411,F,36,Master,Employed,Science,Science
412,412,F,22,Bachelor,Employed,Science,Science
413,413,F,59,PhD,Unemployed,Health,Health
414,414,F,38,PhD,Unemployed,Education,IT
415,415,F,46,Master,Employed,Management,Management
416,416,F,42,HighSchool,Unemployed,IT,IT
417,417,M,40,Master,Unemployed,Health,Health
418,418,F,39,Bachelor,Unemployed,Engineering,Engineering
419,419,F,36,Master,Unemployed,Engineering,Engineering
420,420,F,30,Bachelor,Employed,Education,IT
421,421,M,33,Master,Employed,Business,Business
422,422,F,48,Master,Employed,Science,Science
423,423,nonbinary,36,Bachelor,Employed,IT,IT
424,424,F,30,PhD,Unemployed,Engineering,Engineering
425,425,nonbinary,32,Master,Employed,IT,IT
426,426,F,21,HighSchool,Unemployed,IT,IT
427,427,F,26,Bachelor,Employed,Education,IT
428,428,F,50,Master,Unemployed,IT,IT
429,429,M,38,Bachelor,Unemployed,Education,IT
430,430,M,84,HighSchool,Employed,IT,IT
431,431,F,31,Master,Employed,Science,Science
432,432,M,30,PhD,Employed,IT,IT
433,433,F,31,PhD,Employed,Engineering,Engineering
434,434,F,50,HighSchool,Unemployed,IT,IT
435,435,F,30,Bachelor,Employed,Engineering,Engineering
436,436,F,22,Master,Employed,IT,IT
437,437,F,34,PhD,Unemployed,Engineering,Engineering
438,438,F,73,Bachelor,Unemployed,IT,IT
439,439,F,26,PhD,Employed,Science,Science
440,440,F,47,Master,Unemployed,Education,Education
441,441,nonbinary,39,PhD,Unemployed,Science,Science
442,442,F,22,Master,Unemployed,Engineering,IT
443,443,F,41,Bachelor,Employed,Engineering,IT
444,444,F,20,HighSchool,Employed,IT,IT
445,445,M,32,Bachelor,Unemployed,IT,IT
446,446,F,52,PhD,Employed,Education,Education
447,447,F,41,Master,Employed,IT,IT
448,448,F,26,PhD,Unemployed,IT,IT
449,449,F,59,Bachelor,Unemployed,Education,Education
450,450,nonbinary,62,Bachelor,Unemployed,Science,IT
451,451,M,31,Master,Employed,IT,IT
452,452,F,22,Master,Unemployed,Science,Science
453,453,F,30,Master,Employed,IT,IT
454,454,F,39,Master,Employed,IT,IT
455,455,F,45,Master,Employed,Business,Business
456,456,F,52,Bachelor,Unemployed,Science,IT
457,457,F,30,Bachelor,Unemployed,Education,IT
458,458,F,33,PhD,Employed,Education,Education
459,459,F,36,PhD,Unemployed,Education,Education
460,460,F,31,Master,Unemployed,Health,Health
461,461,F,30,Bachelor,Employed,Science,Science
462,462,F,23,HighSchool,Unemployed,Science,IT
463,463,F,30,Bachelor,Employed,Health,Health
464,464,F,36,Bachelor,Unemployed,Science,Science
465,465,F,45,Bachelor,Employed,IT,IT
466,466,M,36,Master,Unemployed,Science,Science
467,467,F,21,Bachelor,Unemployed,Engineering,Engineering
468,468,nonbinary,53,PhD,Employed,Media,Media
469,469,F,37,Bachelor,Unemployed,Business,Business
470,470,NS,34,PhD,Employed,Education,Education
471,471,F,37,Bachelor,Unemployed,Business,Business
472,472,F,55,PhD,Unemployed,Science,Science
473,473,F,33,Master,Unemployed,IT,IT
474,474,NS,46,Master,Unemployed,IT,IT
475,475,nonbinary,40,Master,Employed,Administration,Administration
476,476,F,54,Master,Employed,Media,Media
477,477,F,35,PhD,Unemployed,Engineering,Engineering
478,478,F,34,PhD,Unemployed,Engineering,Engineering
479,479,F,57,PhD,Unemployed,Engineering,Engineering
480,480,nonbinary,35,Bachelor,Employed,IT,IT
481,481,M,30,Master,Employed,Education,IT
482,482,F,43,Bachelor,Employed,Business,Business
483,483,F,40,Bachelor,Employed,Business,Business
484,484,F,52,Master,Unemployed,Education,IT
485,485,F,34,PhD,Employed,Engineering,Engineering
486,486,F,42,PhD,Unemployed,Engineering,Engineering
487,487,nonbinary,22,Bachelor,Employed,IT,IT
488,488,F,24,HighSchool,Unemployed,Science,Science
489,489,M,40,PhD,Unemployed,IT,IT
490,490,F,59,HighSchool,Employed,Media,Media
491,491,F,47,PhD,Employed,IT,IT
492,492,F,36,Master,Employed,Media,Media
493,493,M,26,Bachelor,Unemployed,IT,IT
494,494,nonbinary,51,Master,Employed,Science,Science
495,495,F,59,Bachelor,Unemployed,Engineering,IT
496,496,M,39,PhD,Employed,Media,Media
497,497,F,40,Master,Employed,Education,Education
498,498,M,24,Bachelor,Unemployed,Education,Education
499,499,F,52,HighSchool,Employed,Science,Science
500,500,F,40,Master,Unemployed,Media,Media
501,501,F,20,PhD,Employed,IT,IT
502,502,F,26,Master,Unemployed,Business,Business
503,503,F,40,Master,Unemployed,IT,IT
504,504,F,31,Master,Unemployed,IT,IT
505,505,M,20,Master,Unemployed,IT,IT
506,506,F,33,PhD,Employed,Science,Science
507,507,F,42,Master,Employed,Law,Law
508,508,F,20,PhD,Employed,Hospitality,Hospitality
509,509,M,40,PhD,Employed,IT,IT
510,510,F,49,Bachelor,Employed,Education,IT
511,511,F,40,Master,Employed,Education,IT
512,512,F,49,Master,Employed,Business,Business
513,513,F,42,PhD,Employed,Science,Science
514,514,F,53,Master,Unemployed,Education,Education
515,515,F,34,Master,Unemployed,Education,Education
516,516,NS,69,Master,Unemployed,Education,Education
517,517,M,26,Master,Unemployed,IT,IT
518,518,F,32,Bachelor,Unemployed,Science,Science
519,519,F,50,Bachelor,Employed,IT,IT
520,520,F,33,HighSchool,Unemployed,IT,IT
521,521,F,26,Bachelor,Employed,Management,Management
522,522,F,50,Master,Employed,Education,Education
523,523,F,48,PhD,Employed,IT,IT
524,524,F,21,PhD,Unemployed,Science,IT
525,525,NS,46,Bachelor,Unemployed,Engineering,Engineering
526,526,NS,30,Master,Unemployed,Science,Science
527,527,M,40,Bachelor,Unemployed,Science,Science
528,528,M,40,PhD,Unemployed,Science,IT
529,529,F,22,Master,Employed,Health,Health
530,530,F,57,PhD,Unemployed,Health,Health
531,531,M,35,PhD,Employed,IT,IT
532,532,F,50,Master,Unemployed,Media,IT
533,533,F,47,Master,Unemployed,Administration,Administration
534,534,F,35,Bachelor,Employed,Education,Education
535,535,F,41,Bachelor,Unemployed,Engineering,Engineering
536,536,F,32,Bachelor,Employed,Law,Law
537,537,nonbinary,38,PhD,Employed,Construction,Construction
538,538,F,40,Master,Unemployed,Law,Law
539,539,F,35,PhD,Employed,Science,IT
540,540,M,26,Master,Unemployed,Business,Business
541,541,nonbinary,36,Bachelor,Unemployed,Education,Education
542,542,F,47,PhD,Employed,Education,Education
543,543,nonbinary,79,Master,Unemployed,Media,Media
544,544,M,52,Master,Employed,Health,Health
545,545,M,45,Bachelor,Employed,Hospitality,Hospitality
546,546,F,56,Bachelor,Employed,Media,Media
547,547,F,39,Master,Employed,Science,Science
548,548,F,40,Master,Unemployed,Education,Education
549,549,F,28,Master,Unemployed,Education,Education
550,550,F,39,HighSchool,Unemployed,Health,Health
551,551,F,30,Master,Employed,Education,IT
552,552,M,25,Bachelor,Unemployed,IT,IT
553,553,M,37,PhD,Unemployed,Education,Education
554,554,F,34,HighSchool,Employed,Business,Business
555,555,F,34,PhD,Employed,Management,Management
556,556,F,40,Bachelor,Unemployed,Education,Education
557,557,F,44,HighSchool,Unemployed,Engineering,IT
558,558,F,35,Bachelor,Employed,Hospitality,Hospitality
559,559,F,27,Master,Employed,Education,Education
560,560,F,33,Master,Unemployed,IT,IT
561,561,F,27,PhD,Unemployed,Media,Media
562,562,F,23,Bachelor,Employed,Construction,Construction
563,563,M,35,Bachelor,Employed,IT,IT
564,564,F,35,Master,Employed,Science,Science
565,565,M,29,PhD,Employed,Law,Law
566,566,nonbinary,41,Master,Unemployed,Education,IT
567,567,F,31,HighSchool,Employed,Science,Science
568,568,F,41,Master,Unemployed,IT,IT
569,569,F,46,PhD,Employed,Science,IT
570,570,F,31,Bachelor,Unemployed,Education,Education
571,571,F,42,Master,Employed,IT,IT
572,572,F,27,Master,Employed,Science,Science
573,573,M,30,Bachelor,Unemployed,Administration,Administration
574,574,nonbinary,29,Bachelor,Unemployed,Education,IT
575,575,F,33,PhD,Unemployed,Education,Education
576,576,F,40,Master,Employed,Law,Law
577,577,F,59,PhD,Employed,Science,Science
578,578,M,53,Master,Employed,Science,Science
579,579,M,31,PhD,Unemployed,IT,IT
580,580,NS,25,Master,Employed,IT,IT
581,581,F,38,HighSchool,Employed,Media,Media
582,582,F,21,Master,Unemployed,Education,IT
583,583,nonbinary,65,Master,Unemployed,IT,IT
584,584,NS,20,Bachelor,Employed,Science,Science
585,585,F,34,Master,Employed,Education,IT
586,586,nonbinary,39,PhD,Employed,IT,IT
587,587,F,60,HighSchool,Unemployed,IT,IT
588,588,F,38,Master,Employed,Science,Science
589,589,nonbinary,70,Bachelor,Unemployed,IT,IT
590,590,F,30,HighSchool,Unemployed,Business,Business
591,591,F,50,Bachelor,Employed,Education,IT
592,592,F,22,Bachelor,Unemployed,Business,Business
593,593,F,32,PhD,Unemployed,IT,IT
594,594,F,37,PhD,Employed,Engineering,IT
595,595,F,44,Master,Employed,Business,IT
596,596,F,25,Bachelor,Employed,Engineering,IT
597,597,F,49,PhD,Employed,Science,IT
598,598,F,45,Bachelor,Employed,Media,Media
599,599,F,53,Bachelor,Employed,IT,IT
600,600,F,29,PhD,Employed,Engineering,IT
601,601,nonbinary,31,PhD,Unemployed,Education,Education
602,602,M,46,HighSchool,Employed,Engineering,IT
603,603,F,78,PhD,Unemployed,Education,Education
604,604,F,36,PhD,Unemployed,IT,IT
605,605,F,40,Bachelor,Unemployed,IT,IT
606,606,F,31,Master,Employed,Hospitality,Hospitality
607,607,F,27,Bachelor,Employed,IT,IT
608,608,M,54,Master,Employed,IT,IT
609,609,F,31,PhD,Employed,IT,IT
610,610,F,36,HighSchool,Employed,Farming,Farming
611,611,F,30,HighSchool,Unemployed,Science,Science
612,612,F,35,Bachelor,Unemployed,Business,Business
613,613,M,44,HighSchool,Employed,Science,IT
614,614,F,21,Master,Employed,Business,IT
615,615,nonbinary,25,PhD,Unemployed,Science,Science
616,616,M,44,Bachelor,Employed,IT,IT
617,617,F,30,Bachelor,Unemployed,Science,IT
618,618,F,53,Master,Unemployed,Engineering,Engineering
619,619,M,36,PhD,Employed,IT,IT
620,620,F,57,Bachelor,Unemployed,Health,Health
621,621,M,34,HighSchool,Employed,Education,Education
622,622,F,28,Bachelor,Unemployed,IT,IT
623,623,M,47,Master,Employed,IT,IT
624,624,M,41,Bachelor,Employed,IT,IT
625,625,F,35,PhD,Employed,Science,Science
626,626,F,48,PhD,Employed,Administration,Administration
627,627,F,34,PhD,Employed,Science,Science
628,628,F,36,Bachelor,Unemployed,Engineering,Engineering
629,629,F,86,PhD,Employed,IT,IT
630,630,F,35,PhD,Unemployed,IT,IT
631,631,F,23,PhD,Employed,IT,IT
632,632,F,27,HighSchool,Unemployed,Education,IT
633,633,F,30,Master,Unemployed,Education,Education
634,634,M,39,Bachelor,Employed,Science,Science
635,635,M,89,Bachelor,Employed,Science,Science
636,636,M,37,Bachelor,Employed,Law,Law
637,637,F,54,PhD,Employed,Science,Science
638,638,F,43,Master,Employed,IT,IT
639,639,F,33,HighSchool,Unemployed,Science,Science
640,640,F,42,Master,Unemployed,Education,IT
641,641,F,47,Master,Unemployed,Education,Education
642,642,F,47,Master,Unemployed,Hospitality,Hospitality
643,643,nonbinary,79,Master,Employed,Science,Science
644,644,F,58,PhD,Employed,Business,Business
645,645,F,33,Master,Unemployed,Administration,Administration
646,646,F,40,Bachelor,Unemployed,Law,Law
647,647,F,32,Bachelor,Employed,Business,Business
648,648,M,40,Bachelor,Unemployed,Law,Law
649,649,F,30,Bachelor,Unemployed,IT,IT
650,650,F,22,Master,Unemployed,Education,Education
651,651,F,28,PhD,Unemployed,Media,Media
652,652,nonbinary,24,Bachelor,Employed,Science,IT
653,653,NS,44,Bachelor,Unemployed,IT,IT
654,654,M,54,Master,Employed,IT,IT
655,655,nonbinary,53,Master,Unemployed,IT,IT
656,656,F,32,Master,Unemployed,IT,IT
657,657,nonbinary,39,Master,Unemployed,Business,Business
658,658,M,38,Master,Unemployed,Science,Science
659,659,F,30,PhD,Unemployed,Administration,Administration
660,660,F,26,Master,Unemployed,IT,IT
661,661,F,34,Master,Unemployed,Media,Media
662,662,F,36,PhD,Employed,Business,Business
663,663,F,60,PhD,Unemployed,Science,Science
664,664,F,37,Master,Employed,IT,IT
665,665,F,35,HighSchool,Unemployed,IT,IT
666,666,F,42,Bachelor,Unemployed,IT,IT
667,667,M,44,PhD,Employed,IT,IT
668,668,F,36,Bachelor,Unemployed,Science,Science
669,669,F,32,PhD,Employed,Education,Education
670,670,NS,43,Master,Employed,Business,Business
671,671,nonbinary,59,Master,Unemployed,Hospitality,Hospitality
672,672,F,23,Master,Unemployed,Science,Science
673,673,M,30,Bachelor,Employed,Engineering,Engineering
674,674,F,24,Master,Employed,Education,Education
675,675,nonbinary,40,Bachelor,Unemployed,Science,Science
676,676,M,36,Bachelor,Employed,Hospitality,IT
677,677,F,22,Bachelor,Employed,Business,Business
678,678,F,39,Master,Unemployed,Education,Education
679,679,F,41,PhD,Employed,Engineering,Engineering
680,680,nonbinary,37,PhD,Employed,Media,Media
681,681,F,28,Master,Employed,Science,Science
682,682,M,30,Master,Employed,Management,Management
683,683,M,55,Bachelor,Employed,Media,Media
684,684,F,30,PhD,Employed,IT,IT
685,685,nonbinary,46,Bachelor,Employed,Engineering,IT
686,686,F,40,Bachelor,Employed,Engineering,Engineering
687,687,F,34,Bachelor,Employed,Science,Science
688,688,F,27,Master,Unemployed,Science,Science
689,689,F,31,Master,Employed,Education,Education
690,690,F,35,Bachelor,Employed,IT,IT
691,691,F,39,Bachelor,Employed,Science,Science
692,692,F,84,HighSchool,Employed,IT,IT
693,693,F,57,Master,Unemployed,Business,Business
694,694,F,32,Bachelor,Unemployed,IT,IT
695,695,F,49,PhD,Employed,Science,Science
696,696,F,32,Master,Employed,IT,IT
697,697,F,33,HighSchool,Employed,Engineering,Engineering
698,698,F,52,PhD,Unemployed,Science,Science
699,699,F,38,Bachelor,Employed,Science,Science
700,700,F,46,Master,Unemployed,Science,Science
701,701,F,50,PhD,Employed,Business,Business
702,702,F,35,PhD,Employed,IT,IT
703,703,F,33,HighSchool,Employed,Health,Health
704,704,M,26,Master,Employed,Engineering,Engineering
705,705,F,77,HighSchool,Unemployed,Science,IT
706,706,F,37,PhD,Employed,IT,IT
707,707,F,32,Master,Employed,Education,Education
708,708,F,45,Bachelor,Employed,Business,Business
709,709,F,30,PhD,Employed,Engineering,IT
710,710,F,25,PhD,Employed,Education,IT
711,711,F,39,Bachelor,Employed,Education,Education
712,712,F,46,Master,Unemployed,Education,Education
713,713,F,38,Master,Unemployed,Law,Law
714,714,F,40,Master,Unemployed,Science,IT
715,715,F,43,Bachelor,Unemployed,Science,Science
716,716,M,32,PhD,Employed,Science,Science
717,717,F,52,Master,Unemployed,IT,IT
718,718,F,30,PhD,Unemployed,Science,Science
719,719,F,52,Master,Employed,IT,IT
720,720,F,54,Master,Unemployed,Engineering,Engineering
721,721,F,35,HighSchool,Unemployed,IT,IT
722,722,F,40,Master,Employed,Business,Business
723,723,nonbinary,28,Master,Unemployed,Media,Media
724,724,NS,25,Master,Employed,Education,Education
725,725,F,39,Master,Unemployed,Media,Media
726,726,M,57,Master,Unemployed,Science,Science
727,727,F,34,HighSchool,Unemployed,Education,Education
728,728,F,44,Master,Unemployed,Management,Management
729,729,F,34,Master,Unemployed,Business,Business
730,730,F,36,Master,Employed,IT,IT
731,731,M,45,Master,Unemployed,Science,Science
732,732,F,31,Master,Employed,Business,Business
733,733,F,24,Bachelor,Employed,IT,IT
734,734,F,31,Master,Employed,Business,Business
735,735,F,44,Master,Unemployed,Education,Education
736,736,NS,30,PhD,Unemployed,Business,Business
737,737,F,65,Master,Unemployed,IT,IT
738,738,F,33,PhD,Employed,IT,IT
739,739,F,34,Master,Unemployed,Science,IT
740,740,F,38,PhD,Employed,Education,Education
741,741,F,50,Bachelor,Unemployed,Hospitality,Hospitality
742,742,F,31,PhD,Employed,Media,Media
743,743,nonbinary,45,Master,Unemployed,Hospitality,Hospitality
744,744,F,37,PhD,Employed,IT,IT
745,745,F,31,PhD,Unemployed,IT,IT
746,746,F,28,Bachelor,Employed,Science,Science
747,747,M,40,Bachelor,Employed,Hospitality,Hospitality
748,748,F,43,Master,Employed,Hospitality,Hospitality
749,749,M,57,Bachelor,Unemployed,Management,Management
750,750,F,26,Bachelor,Unemployed,IT,IT
751,751,F,41,Master,Employed,Education,Education
752,752,F,49,Bachelor,Unemployed,Engineering,IT
753,753,F,30,PhD,Unemployed,Hospitality,Hospitality
754,754,F,40,Master,Employed,IT,IT
755,755,F,33,Bachelor,Employed,Business,Business
756,756,F,39,PhD,Employed,Hospitality,Hospitality
757,757,F,38,PhD,Employed,Science,Science
758,758,F,39,PhD,Unemployed,Law,Law
759,759,F,60,Bachelor,Employed,Education,Education
760,760,M,35,Master,Unemployed,Science,Science
761,761,M,33,Bachelor,Unemployed,Administration,Administration
762,762,M,34,PhD,Employed,IT,IT
763,763,F,39,Bachelor,Unemployed,Law,Law
764,764,M,28,Bachelor,Unemployed,IT,IT
765,765,F,34,Bachelor,Unemployed,Science,Science
766,766,M,46,PhD,Unemployed,IT,IT
767,767,F,53,Master,Employed,Science,Science
768,768,F,29,Bachelor,Unemployed,Business,Business
769,769,nonbinary,49,Bachelor,Employed,Hospitality,Hospitality
770,770,F,39,HighSchool,Unemployed,IT,IT
771,771,M,32,PhD,Unemployed,Business,Business
772,772,F,34,PhD,Unemployed,Construction,Construction
773,773,F,33,HighSchool,Unemployed,Management,Management
774,774,F,25,Bachelor,Employed,IT,IT
775,775,F,20,Master,Unemployed,Education,Education
776,776,F,51,HighSchool,Unemployed,IT,IT
777,777,nonbinary,48,Bachelor,Unemployed,Science,IT
778,778,F,26,Bachelor,Unemployed,Media,Media
779,779,F,38,Master,Employed,Science,Science
780,780,M,59,Master,Employed,Education,Education
781,781,F,32,Master,Unemployed,Science,Science
782,782,M,30,Bachelor,Employed,Hospitality,Hospitality
783,783,M,46,Master,Unemployed,IT,IT
784,784,F,43,PhD,Unemployed,Education,IT
785,785,M,31,PhD,Unemployed,Hospitality,Hospitality
786,786,F,39,Bachelor,Employed,Education,IT
787,787,F,40,HighSchool,Employed,IT,IT
788,788,F,30,PhD,Unemployed,Education,Education
789,789,M,73,Master,Employed,IT,IT
790,790,F,59,Bachelor,Unemployed,Science,Science
791,791,F,38,Master,Unemployed,Education,IT
792,792,F,37,HighSchool,Employed,IT,IT
793,793,F,40,Master,Unemployed,IT,IT
794,794,F,38,Master,Employed,Business,Business
795,795,F,41,Bachelor,Unemployed,IT,IT
796,796,F,32,Bachelor,Unemployed,Science,Science
797,797,nonbinary,46,Bachelor,Employed,Science,Science
798,798,F,30,Master,Employed,IT,IT
799,799,F,43,Bachelor,Unemployed,Education,Education
800,800,nonbinary,29,Master,Unemployed,Education,Education
801,801,F,48,Bachelor,Unemployed,Hospitality,Hospitality
802,802,F,59,Master,Unemployed,Education,Education
803,803,M,48,Bachelor,Unemployed,IT,IT
804,804,M,44,Bachelor,Unemployed,Education,Education
805,805,F,40,Bachelor,Unemployed,Education,Education
806,806,F,43,Bachelor,Unemployed,Science,IT
807,807,F,47,PhD,Unemployed,IT,IT
808,808,F,40,Master,Employed,IT,IT
809,809,M,30,Bachelor,Employed,IT,IT
810,810,F,29,PhD,Unemployed,Administration,IT
811,811,F,40,Master,Employed,IT,IT
812,812,F,25,Master,Employed,IT,IT
813,813,F,30,PhD,Employed,Management,Management
814,814,M,20,Master,Unemployed,Engineering,IT
815,815,F,36,PhD,Unemployed,Media,Media
816,816,F,32,Master,Unemployed,Science,Science
817,817,F,36,HighSchool,Unemployed,Hospitality,Hospitality
818,818,M,46,Bachelor,Employed,Hospitality,Hospitality
819,819,F,35,Master,Unemployed,Science,Science
820,820,F,32,Master,Unemployed,Administration,Administration
821,821,M,20,Master,Unemployed,IT,IT
822,822,F,38,Bachelor,Unemployed,IT,IT
823,823,M,29,Master,Employed,IT,IT
824,824,M,55,Bachelor,Unemployed,Science,Science
825,825,M,38,PhD,Employed,IT,IT
826,826,F,37,Bachelor,Employed,Business,Business
827,827,M,41,PhD,Employed,Law,Law
828,828,F,39,Bachelor,Unemployed,Media,Media
829,829,M,36,PhD,Unemployed,Media,Media
830,830,M,20,PhD,Unemployed,IT,IT
831,831,NS,52,Bachelor,Unemployed,Engineering,IT
832,832,M,40,Bachelor,Employed,IT,IT
833,833,M,45,PhD,Employed,Science,Science
834,834,F,40,PhD,Unemployed,Education,Education
835,835,F,40,HighSchool,Unemployed,Administration,Administration
836,836,M,28,Master,Unemployed,IT,IT
837,837,F,33,PhD,Unemployed,IT,IT
838,838,NS,34,Bachelor,Unemployed,Business,Business
839,839,M,31,Bachelor,Employed,Administration,Administration
840,840,M,24,Bachelor,Employed,IT,IT
841,841,NS,31,Bachelor,Employed,Education,Education
842,842,F,38,Master,Unemployed,Hospitality,Hospitality
843,843,nonbinary,30,Bachelor,Unemployed,Health,Health
844,844,NS,51,Bachelor,Unemployed,Engineering,IT
845,845,nonbinary,37,Bachelor,Employed,IT,IT
846,846,F,44,PhD,Unemployed,Education,IT
847,847,F,59,Bachelor,Employed,Science,Science
848,848,F,23,PhD,Employed,Science,Science
849,849,F,42,Master,Employed,Science,Science
850,850,F,29,PhD,Unemployed,Construction,IT
851,851,F,33,Master,Unemployed,Engineering,Engineering
852,852,F,35,Bachelor,Employed,IT,IT
853,853,F,55,PhD,Unemployed,Health,IT
854,854,F,55,PhD,Employed,Engineering,IT
855,855,M,38,Bachelor,Employed,Construction,Construction
856,856,F,34,Master,Unemployed,IT,IT
857,857,F,60,Master,Unemployed,Management,Management
858,858,F,21,Bachelor,Unemployed,Science,IT
859,859,F,34,Bachelor,Unemployed,Science,Science
860,860,M,35,Master,Employed,Business,Business
861,861,F,41,Master,Unemployed,Education,IT
862,862,F,33,Master,Unemployed,Education,Education
863,863,F,39,PhD,Employed,Health,Health
864,864,M,40,Master,Employed,Business,Business
865,865,M,40,Bachelor,Employed,IT,IT
866,866,F,34,Master,Unemployed,Engineering,IT
867,867,F,24,PhD,Employed,IT,IT
868,868,F,33,Bachelor,Unemployed,IT,IT
869,869,F,60,HighSchool,Unemployed,IT,IT
870,870,F,40,Master,Unemployed,Health,Health
871,871,F,20,PhD,Unemployed,IT,IT
872,872,F,35,Master,Unemployed,Media,Media
873,873,F,40,HighSchool,Unemployed,Education,Education
874,874,F,49,Master,Unemployed,Health,Health
875,875,M,36,Bachelor,Employed,Business,Business
876,876,M,54,Master,Unemployed,Hospitality,IT
877,877,F,26,Master,Unemployed,Law,Law
878,878,nonbinary,50,Master,Unemployed,Education,IT
879,879,F,49,Master,Unemployed,Science,IT
880,880,F,36,PhD,Unemployed,IT,IT
881,881,M,31,HighSchool,Employed,Business,Business
882,882,M,32,Master,Employed,Hospitality,Hospitality
883,883,F,37,Master,Unemployed,Business,Business
884,884,F,23,Master,Employed,Science,Science
885,885,F,41,PhD,Unemployed,Business,Business
886,886,M,24,Master,Unemployed,Business,IT
887,887,F,56,Bachelor,Employed,Engineering,IT
888,888,F,38,HighSchool,Unemployed,Education,Education
889,889,F,38,PhD,Unemployed,Hospitality,Hospitality
890,890,F,35,PhD,Employed,IT,IT
891,891,F,31,Master,Unemployed,IT,IT
892,892,M,20,HighSchool,Unemployed,IT,IT
893,893,F,29,Master,Employed,Administration,Administration
894,894,F,35,Master,Employed,IT,IT
895,895,F,39,Bachelor,Unemployed,Business,Business
896,896,F,34,PhD,Employed,IT,IT
897,897,F,44,Bachelor,Unemployed,Business,Business
898,898,F,39,Bachelor,Unemployed,Business,Business
899,899,nonbinary,37,HighSchool,Unemployed,Science,IT
900,900,F,23,Bachelor,Employed,Business,Business
901,901,F,32,Bachelor,Unemployed,Engineering,IT
902,902,NS,42,HighSchool,Employed,Business,Business
903,903,M,26,Master,Employed,IT,IT
904,904,F,30,PhD,Employed,Business,IT
905,905,M,31,Bachelor,Unemployed,IT,IT
906,906,F,60,Bachelor,Unemployed,Business,Business
907,907,F,36,Master,Unemployed,Business,Business
908,908,NS,47,HighSchool,Unemployed,Business,Business
909,909,F,30,PhD,Unemployed,Education,Education
910,910,F,25,Bachelor,Unemployed,Education,IT
911,911,F,52,Master,Employed,Science,IT
912,912,M,34,PhD,Employed,Education,Education
913,913,F,38,Bachelor,Employed,Science,IT
914,914,NS,39,PhD,Unemployed,Education,Education
915,915,F,38,Master,Unemployed,IT,IT
916,916,F,39,Bachelor,Unemployed,Engineering,Engineering
917,917,F,31,HighSchool,Unemployed,Business,Business
918,918,F,35,Master,Unemployed,IT,IT
919,919,M,59,Master,Unemployed,Education,Education
920,920,F,40,Bachelor,Employed,IT,IT
921,921,F,27,PhD,Unemployed,Farming,Farming
922,922,F,52,Master,Unemployed,IT,IT
923,923,F,25,Master,Employed,Business,IT
924,924,F,35,HighSchool,Unemployed,Business,Business
925,925,F,39,PhD,Employed,Health,Health
926,926,M,51,Master,Employed,Business,Business
927,927,M,40,PhD,Employed,Education,Education
928,928,F,27,Bachelor,Unemployed,IT,IT
929,929,M,32,Master,Unemployed,IT,IT
930,930,F,33,Bachelor,Unemployed,Business,Business
931,931,nonbinary,27,PhD,Employed,IT,IT
932,932,NS,32,Master,Unemployed,Hospitality,IT
933,933,F,49,Master,Employed,IT,IT
934,934,F,31,HighSchool,Unemployed,Business,IT
935,935,F,37,HighSchool,Employed,IT,IT
936,936,F,43,PhD,Unemployed,Hospitality,Hospitality
937,937,F,41,Bachelor,Unemployed,Science,Science
938,938,F,27,HighSchool,Employed,Science,Science
939,939,F,64,Master,Employed,IT,IT
940,940,F,52,Master,Employed,IT,IT
941,941,F,49,Bachelor,Unemployed,Engineering,IT
942,942,F,20,Master,Employed,Engineering,Engineering
943,943,F,30,Master,Employed,Business,IT
944,944,F,80,Bachelor,Unemployed,IT,IT
945,945,F,36,Bachelor,Employed,IT,IT
946,946,M,58,Master,Unemployed,IT,IT
947,947,M,30,Master,Unemployed,Education,Education
948,948,F,28,Master,Employed,Engineering,IT
949,949,F,45,Bachelor,Unemployed,IT,IT
950,950,nonbinary,40,Bachelor,Employed,Engineering,Engineering
951,951,F,31,Bachelor,Unemployed,Education,Education
952,952,F,28,Master,Employed,Management,Management
953,953,F,34,Bachelor,Employed,Hospitality,Hospitality
954,954,M,41,Bachelor,Unemployed,Management,Management
955,955,M,49,Bachelor,Unemployed,IT,IT
956,956,F,28,Bachelor,Employed,Hospitality,Hospitality
957,957,F,35,Master,Employed,Hospitality,Hospitality
958,958,F,50,Master,Employed,Hospitality,Hospitality
959,959,NS,37,Master,Employed,IT,IT
960,960,F,29,Master,Unemployed,Business,Business
961,961,nonbinary,34,Master,Employed,IT,IT
962,962,F,32,Master,Unemployed,IT,IT
963,963,F,59,Bachelor,Employed,Business,Business
964,964,F,39,PhD,Unemployed,Science,Science
965,965,F,31,Master,Unemployed,Education,Education
966,966,M,20,PhD,Unemployed,Education,Education
967,967,M,60,Master,Employed,IT,IT
968,968,M,50,Bachelor,Unemployed,Science,Science
969,969,F,38,Master,Unemployed,IT,IT
970,970,nonbinary,32,Master,Unemployed,Engineering,IT
971,971,F,41,Master,Employed,IT,IT
972,972,M,37,Master,Unemployed,Engineering,IT
973,973,F,21,Bachelor,Unemployed,IT,IT
974,974,nonbinary,32,HighSchool,Unemployed,IT,IT
975,975,F,41,Bachelor,Employed,Education,Education
976,976,NS,41,Bachelor,Unemployed,Education,IT
977,977,F,25,Master,Unemployed,Education,Education
978,978,F,27,Master,Unemployed,Engineering,Engineering
979,979,F,32,Bachelor,Unemployed,Business,Business
980,980,nonbinary,46,PhD,Unemployed,IT,IT
981,981,F,58,HighSchool,Unemployed,Business,Business
982,982,F,45,PhD,Employed,Hospitality,Hospitality
983,983,M,40,Bachelor,Unemployed,Hospitality,Hospitality
984,984,F,36,Master,Unemployed,IT,IT
985,985,F,47,Bachelor,Employed,Science,Science
986,986,F,40,Bachelor,Unemployed,Education,Education
987,987,F,37,Bachelor,Employed,Engineering,IT
988,988,nonbinary,29,Master,Employed,IT,IT
989,989,M,44,HighSchool,Unemployed,Hospitality,Hospitality
990,990,NS,23,Master,Unemployed,IT,IT
991,991,F,39,Master,Unemployed,Engineering,IT
992,992,F,58,Bachelor,Employed,Management,Management
993,993,F,23,PhD,Employed,Science,Science
994,994,M,22,Bachelor,Unemployed,Administration,Administration
995,995,M,58,HighSchool,Employed,Business,Business
996,996,M,40,Master,Employed,Education,IT
997,997,F,39,PhD,Employed,IT,IT
998,998,F,40,PhD,Employed,Business,Business
999,999,F,52,Bachelor,Unemployed,IT,IT
1000,1000,M,69,Master,Unemployed,Education,IT
1001,1001,F,44,Bachelor,Unemployed,Business,Business
1002,1002,nonbinary,48,PhD,Unemployed,Engineering,Engineering
1003,1003,F,63,Bachelor,Employed,Media,IT
1004,1004,F,43,Master,Employed,Business,IT
1005,1005,F,21,Bachelor,Unemployed,Education,Education
1006,1006,F,36,Master,Employed,Engineering,IT
1007,1007,F,45,Master,Employed,Engineering,IT
1008,1008,F,46,Master,Unemployed,Engineering,Engineering
1009,1009,F,42,Master,Employed,Construction,IT
1010,1010,F,20,HighSchool,Unemployed,Science,IT
1011,1011,F,32,Bachelor,Unemployed,Business,Business
1012,1012,F,45,Master,Employed,Health,Health
1013,1013,F,28,PhD,Unemployed,Business,Business
1014,1014,F,47,Bachelor,Employed,IT,IT
1015,1015,F,38,Bachelor,Employed,Farming,Farming
1016,1016,nonbinary,53,PhD,Unemployed,Business,Business
1017,1017,M,33,Master,Employed,Education,IT
1018,1018,F,26,Bachelor,Unemployed,IT,IT
1019,1019,F,36,HighSchool,Unemployed,Education,Education
1020,1020,M,36,Bachelor,Unemployed,Farming,Farming
1021,1021,NS,35,Master,Employed,IT,IT
1022,1022,F,83,Master,Employed,Science,Science
1023,1023,nonbinary,38,Bachelor,Employed,IT,IT
1024,1024,NS,22,Master,Unemployed,IT,IT
1025,1025,NS,38,Bachelor,Employed,IT,IT
1026,1026,M,37,Bachelor,Employed,Science,Science
1027,1027,F,40,Master,Unemployed,Education,IT
1028,1028,F,33,PhD,Employed,IT,IT
1029,1029,F,42,Bachelor,Employed,IT,IT
1030,1030,M,40,Master,Employed,Education,Education
1031,1031,F,39,Master,Employed,Science,IT
1032,1032,F,32,Bachelor,Unemployed,Education,Education
1033,1033,F,56,Bachelor,Employed,Education,Education
1034,1034,F,33,PhD,Employed,Science,Science
1035,1035,F,40,Bachelor,Employed,Hospitality,Hospitality
1036,1036,M,29,HighSchool,Employed,IT,IT
1037,1037,F,23,Master,Employed,IT,IT
1038,1038,F,37,Master,Unemployed,Education,Education
1039,1039,M,20,Bachelor,Unemployed,Science,Science
1040,1040,F,20,Bachelor,Employed,IT,IT
1041,1041,F,40,PhD,Unemployed,IT,IT
1042,1042,NS,29,Master,Unemployed,Engineering,IT
1043,1043,F,46,Master,Employed,IT,IT
1044,1044,F,24,Master,Employed,Engineering,Engineering
1045,1045,F,45,Bachelor,Employed,Education,Education
1046,1046,M,45,Bachelor,Employed,Education,IT
1047,1047,F,30,Master,Employed,Farming,Farming
1048,1048,F,30,Master,Unemployed,IT,IT
1049,1049,M,26,Master,Employed,IT,IT
1050,1050,F,39,HighSchool,Employed,Law,Law
1051,1051,F,39,PhD,Unemployed,IT,IT
1052,1052,F,43,Master,Employed,IT,IT
1053,1053,M,50,Bachelor,Employed,Engineering,Engineering
1054,1054,F,31,PhD,Unemployed,Engineering,IT
1055,1055,M,32,PhD,Employed,IT,IT
1056,1056,F,59,Master,Unemployed,Health,Health
1057,1057,F,29,PhD,Employed,IT,IT
1058,1058,M,45,Master,Employed,Science,IT
1059,1059,M,40,HighSchool,Unemployed,IT,IT
1060,1060,nonbinary,55,Master,Employed,IT,IT
1061,1061,F,38,Master,Employed,Hospitality,Hospitality
1062,1062,M,43,Bachelor,Employed,Business,IT
1063,1063,F,34,Master,Employed,Engineering,IT
1064,1064,nonbinary,42,PhD,Employed,Hospitality,Hospitality
1065,1065,F,30,Bachelor,Unemployed,IT,IT
1066,1066,F,64,Master,Unemployed,Business,Business
1067,1067,F,51,Bachelor,Unemployed,IT,IT
1068,1068,F,36,HighSchool,Employed,Science,IT
1069,1069,F,45,Bachelor,Employed,Science,Science
1070,1070,F,30,Bachelor,Unemployed,Education,Education
1071,1071,F,51,PhD,Employed,Science,Science
1072,1072,nonbinary,23,PhD,Employed,Business,Business
1073,1073,NS,35,Master,Unemployed,IT,IT
1074,1074,F,37,PhD,Unemployed,Education,Education
1075,1075,F,31,Master,Employed,IT,IT
1076,1076,M,46,PhD,Unemployed,Media,Media
1077,1077,F,36,Master,Unemployed,Science,Science
1078,1078,nonbinary,25,PhD,Unemployed,Health,Health
1079,1079,F,60,Bachelor,Unemployed,IT,IT
1080,1080,F,49,PhD,Unemployed,IT,IT
1081,1081,F,34,HighSchool,Employed,Science,Science
1082,1082,F,44,PhD,Employed,Science,Science
1083,1083,F,39,Master,Employed,Media,Media
1084,1084,F,35,Bachelor,Unemployed,Hospitality,Hospitality
1085,1085,M,87,Bachelor,Employed,IT,IT
1086,1086,F,40,Master,Unemployed,Science,Science
1087,1087,F,40,PhD,Employed,Business,Business
1088,1088,M,40,Bachelor,Employed,Hospitality,Hospitality
1089,1089,F,54,Bachelor,Employed,Engineering,Engineering
1090,1090,F,59,Master,Employed,Media,Media
1091,1091,F,49,Bachelor,Employed,Management,Management
1092,1092,F,48,Bachelor,Unemployed,IT,IT
1093,1093,NS,20,Master,Employed,Engineering,IT
1094,1094,F,31,Bachelor,Employed,Education,IT
1095,1095,F,24,PhD,Employed,Education,Education
1096,1096,F,45,Master,Unemployed,Science,IT
1097,1097,M,29,PhD,Unemployed,Health,Health
1098,1098,F,35,Bachelor,Employed,IT,IT
1099,1099,F,55,Bachelor,Unemployed,Education,Education
1100,1100,F,41,Bachelor,Employed,Science,IT
1101,1101,M,27,Master,Employed,Education,IT
1102,1102,nonbinary,51,Master,Employed,Science,Science
1103,1103,F,51,Master,Employed,IT,IT
1104,1104,F,53,Master,Employed,Science,IT
1105,1105,F,30,PhD,Unemployed,IT,IT
1106,1106,F,30,Master,Unemployed,Education,Education
1107,1107,F,42,PhD,Employed,Education,IT
1108,1108,nonbinary,25,HighSchool,Unemployed,Science,IT
1109,1109,F,23,Bachelor,Unemployed,IT,IT
1110,1110,nonbinary,37,HighSchool,Unemployed,Media,Media
1111,1111,F,71,Master,Unemployed,Science,Science
1112,1112,M,55,Master,Employed,Education,IT
1113,1113,M,32,Bachelor,Unemployed,Management,Management
1114,1114,M,20,Master,Unemployed,IT,IT
1115,1115,M,54,Master,Unemployed,Science,Science
1116,1116,NS,33,Bachelor,Employed,Science,Science
1117,1117,F,31,Master,Employed,IT,IT
1118,1118,M,48,Master,Employed,IT,IT
1119,1119,F,40,PhD,Employed,IT,IT
1120,1120,F,32,Bachelor,Unemployed,Administration,Administration
1121,1121,nonbinary,33,Master,Employed,Business,Business
1122,1122,F,35,Master,Employed,IT,IT
1123,1123,F,58,Master,Unemployed,Education,Education
1124,1124,F,31,Master,Employed,Business,Business
1125,1125,M,35,PhD,Unemployed,IT,IT
1126,1126,M,49,Master,Unemployed,Science,IT
1127,1127,F,40,PhD,Employed,Engineering,IT
1128,1128,F,42,Bachelor,Unemployed,IT,IT
1129,1129,nonbinary,34,Bachelor,Unemployed,Hospitality,Hospitality
1130,1130,F,30,Bachelor,Unemployed,Hospitality,IT
1131,1131,F,32,Master,Employed,Education,Education
1132,1132,F,37,Bachelor,Unemployed,Business,Business
1133,1133,F,70,PhD,Unemployed,Law,IT
1134,1134,F,35,Master,Unemployed,Media,Media
1135,1135,M,55,PhD,Employed,IT,IT
1136,1136,M,30,Master,Unemployed,Education,Education
1137,1137,F,22,PhD,Employed,Education,Education
1138,1138,F,22,PhD,Unemployed,IT,IT
1139,1139,F,33,Bachelor,Unemployed,Engineering,Engineering
1140,1140,nonbinary,39,Bachelor,Unemployed,Science,Science
1141,1141,F,46,Bachelor,Employed,IT,IT
1142,1142,F,38,Bachelor,Unemployed,Media,Media
1143,1143,NS,57,Bachelor,Employed,IT,IT
1144,1144,M,36,Bachelor,Unemployed,IT,IT
1145,1145,F,59,Master,Employed,Hospitality,IT
1146,1146,F,51,PhD,Employed,Education,Education
1147,1147,M,24,Master,Employed,IT,IT
1148,1148,F,34,Master,Unemployed,Education,Education
1149,1149,F,26,PhD,Unemployed,IT,IT
1150,1150,F,33,Master,Employed,Education,Education
1151,1151,M,40,Bachelor,Unemployed,Education,Education
1152,1152,nonbinary,68,Master,Unemployed,IT,IT
1153,1153,F,27,Master,Employed,Education,Education
1154,1154,F,26,Master,Employed,IT,IT
1155,1155,F,31,HighSchool,Unemployed,IT,IT
1156,1156,F,79,Bachelor,Employed,Management,Management
1157,1157,M,84,PhD,Employed,Science,Science
1158,1158,F,36,Master,Employed,IT,IT
1159,1159,M,21,HighSchool,Unemployed,Engineering,Engineering
1160,1160,F,27,Bachelor,Employed,Law,Law
1161,1161,F,41,Master,Unemployed,Hospitality,Hospitality
1162,1162,M,60,Master,Employed,Engineering,IT
1163,1163,F,39,Master,Unemployed,Business,Business
1164,1164,F,30,PhD,Employed,Science,IT
1165,1165,F,30,Master,Unemployed,Education,Education
1166,1166,F,40,Bachelor,Employed,Science,Science
1167,1167,F,50,Bachelor,Unemployed,IT,IT
1168,1168,F,35,Master,Unemployed,Business,Business
1169,1169,F,72,Master,Unemployed,Science,IT
1170,1170,M,35,HighSchool,Unemployed,Education,Education
1171,1171,F,47,PhD,Employed,Science,Science
1172,1172,nonbinary,32,PhD,Employed,IT,IT
1173,1173,F,39,Bachelor,Employed,Engineering,Engineering
1174,1174,F,23,HighSchool,Employed,Business,Business
1175,1175,nonbinary,20,Bachelor,Employed,IT,IT
1176,1176,F,49,Master,Employed,Media,Media
1177,1177,nonbinary,48,PhD,Employed,Engineering,Engineering
1178,1178,F,39,Master,Employed,IT,IT
1179,1179,F,22,PhD,Employed,IT,IT
1180,1180,F,25,Master,Unemployed,Business,Business
1181,1181,F,42,Bachelor,Unemployed,Education,Education
1182,1182,F,47,Master,Employed,Hospitality,Hospitality
1183,1183,F,55,Bachelor,Unemployed,Science,Science
1184,1184,F,48,Master,Unemployed,Education,Education
1185,1185,F,34,Master,Unemployed,Engineering,IT
1186,1186,F,20,Master,Employed,Hospitality,Hospitality
1187,1187,nonbinary,32,PhD,Unemployed,IT,IT
1188,1188,F,31,PhD,Unemployed,Education,Education
1189,1189,F,56,Master,Unemployed,Management,Management
1190,1190,M,58,PhD,Unemployed,Farming,Farming
1191,1191,M,62,Bachelor,Unemployed,Construction,Construction
1192,1192,F,50,Master,Employed,Education,Education
1193,1193,F,46,Bachelor,Employed,Education,IT
1194,1194,F,43,HighSchool,Employed,Engineering,Engineering
1195,1195,M,25,Master,Unemployed,IT,IT
1196,1196,M,20,PhD,Unemployed,Management,Management
1197,1197,F,32,Bachelor,Employed,Science,Science
1198,1198,F,35,Master,Employed,Science,Science
1199,1199,F,38,Master,Unemployed,Education,Education
1200,1200,NS,37,PhD,Unemployed,Business,Business
1201,1201,M,36,HighSchool,Unemployed,IT,IT
1202,1202,M,30,PhD,Employed,Education,Education
1203,1203,NS,40,Bachelor,Employed,Management,Management
1204,1204,F,34,Master,Employed,Business,Business
1205,1205,F,46,PhD,Unemployed,IT,IT
1206,1206,F,56,Master,Employed,IT,IT
1207,1207,NS,38,PhD,Unemployed,Business,Business
1208,1208,F,30,PhD,Unemployed,Education,Education
1209,1209,F,39,Master,Employed,Engineering,IT
1210,1210,M,35,Master,Employed,Farming,Farming
1211,1211,M,21,PhD,Unemployed,Law,Law
1212,1212,F,41,Bachelor,Unemployed,Business,Business
1213,1213,F,58,Bachelor,Employed,IT,IT
1214,1214,F,37,Bachelor,Employed,Engineering,IT
1215,1215,F,39,PhD,Employed,Engineering,Engineering
1216,1216,nonbinary,54,PhD,Unemployed,IT,IT
1217,1217,NS,33,Bachelor,Employed,IT,IT
1218,1218,F,26,Bachelor,Unemployed,Science,Science
1219,1219,F,38,Master,Unemployed,IT,IT
1220,1220,NS,44,HighSchool,Employed,Media,Media
1221,1221,F,48,PhD,Unemployed,IT,IT
1222,1222,F,30,Bachelor,Unemployed,IT,IT
1223,1223,F,37,Bachelor,Unemployed,IT,IT
1224,1224,F,58,Master,Unemployed,IT,IT
1225,1225,nonbinary,57,Bachelor,Unemployed,Science,Science
1226,1226,F,26,Master,Employed,Science,Science
1227,1227,M,42,Master,Unemployed,IT,IT
1228,1228,F,62,Bachelor,Employed,Education,Education
1229,1229,F,26,Bachelor,Employed,IT,IT
1230,1230,F,37,Master,Unemployed,IT,IT
1231,1231,NS,31,HighSchool,Unemployed,Science,Science
1232,1232,M,21,HighSchool,Employed,Education,IT
1233,1233,F,38,Master,Unemployed,Science,IT
1234,1234,NS,43,PhD,Unemployed,Science,Science
1235,1235,F,37,Master,Employed,Business,IT
1236,1236,M,32,HighSchool,Employed,Business,Business
1237,1237,F,59,Master,Unemployed,IT,IT
1238,1238,F,39,Master,Employed,IT,IT
1239,1239,M,33,PhD,Employed,Engineering,Engineering
1240,1240,F,82,Bachelor,Employed,Education,Education
1241,1241,F,29,Bachelor,Employed,Hospitality,IT
1242,1242,F,31,Master,Employed,Business,Business
1243,1243,F,44,Master,Employed,IT,IT
1244,1244,nonbinary,39,Bachelor,Employed,Education,IT
1245,1245,M,34,Master,Employed,IT,IT
1246,1246,NS,43,Bachelor,Unemployed,IT,IT
1247,1247,M,43,Bachelor,Employed,IT,IT
1248,1248,F,57,PhD,Unemployed,Education,IT
1249,1249,F,30,HighSchool,Unemployed,Administration,Administration
1250,1250,F,49,PhD,Employed,IT,IT
1251,1251,F,49,Bachelor,Employed,Business,Business
1252,1252,F,32,Bachelor,Employed,Engineering,IT
1253,1253,nonbinary,33,Master,Unemployed,IT,IT
1254,1254,M,33,PhD,Employed,Engineering,Engineering
1255,1255,F,34,Master,Unemployed,Business,Business
1256,1256,F,33,Master,Employed,Construction,Construction
1257,1257,nonbinary,61,PhD,Unemployed,Science,Science
1258,1258,F,55,HighSchool,Employed,IT,IT
1259,1259,F,30,Master,Unemployed,Science,Science
1260,1260,NS,41,Master,Employed,Law,IT
1261,1261,F,36,Master,Unemployed,IT,IT
1262,1262,nonbinary,38,Master,Unemployed,Education,Education
1263,1263,F,30,Master,Employed,Education,Education
1264,1264,F,50,PhD,Unemployed,Hospitality,Hospitality
1265,1265,F,42,Bachelor,Employed,Education,Education
1266,1266,F,42,HighSchool,Unemployed,Business,Business
1267,1267,F,29,PhD,Employed,IT,IT
1268,1268,F,37,Master,Unemployed,Science,Science
1269,1269,NS,38,Master,Employed,Business,Business
1270,1270,M,35,HighSchool,Unemployed,Media,Media
1271,1271,F,42,PhD,Unemployed,Education,Education
1272,1272,F,53,PhD,Employed,Science,Science
1273,1273,nonbinary,40,PhD,Unemployed,Education,IT
1274,1274,F,40,Bachelor,Unemployed,Education,IT
1275,1275,nonbinary,50,Bachelor,Unemployed,IT,IT
1276,1276,M,32,HighSchool,Unemployed,IT,IT
1277,1277,F,34,HighSchool,Unemployed,IT,IT
1278,1278,F,34,Bachelor,Unemployed,IT,IT
1279,1279,F,23,Master,Unemployed,IT,IT
1280,1280,F,25,Bachelor,Employed,Engineering,Engineering
1281,1281,F,31,HighSchool,Unemployed,IT,IT
1282,1282,F,21,Bachelor,Unemployed,Engineering,IT
1283,1283,M,37,Master,Employed,IT,IT
1284,1284,F,43,Bachelor,Employed,Science,IT
1285,1285,F,31,HighSchool,Unemployed,Science,Science
1286,1286,F,37,Bachelor,Unemployed,Education,Education
1287,1287,F,31,HighSchool,Unemployed,Business,Business
1288,1288,F,33,PhD,Unemployed,Science,IT
1289,1289,F,44,PhD,Employed,Science,Science
1290,1290,M,85,Bachelor,Unemployed,Education,Education
1291,1291,M,31,Master,Employed,Engineering,IT
1292,1292,F,39,Master,Employed,Engineering,Engineering
1293,1293,F,37,Bachelor,Employed,Hospitality,Hospitality
1294,1294,F,36,Master,Employed,IT,IT
1295,1295,F,54,PhD,Employed,Business,Business
1296,1296,F,50,PhD,Employed,Construction,Construction
1297,1297,M,50,Bachelor,Unemployed,Hospitality,Hospitality
1298,1298,M,21,Master,Employed,Science,IT
1299,1299,F,21,Master,Employed,Engineering,IT
1300,1300,F,33,PhD,Employed,Administration,Administration
1301,1301,F,30,Master,Employed,Business,Business
1302,1302,F,36,HighSchool,Employed,Education,Education
1303,1303,M,33,Master,Unemployed,Hospitality,Hospitality
1304,1304,M,25,Bachelor,Unemployed,Engineering,Engineering
1305,1305,F,20,Master,Employed,IT,IT
1306,1306,F,34,Master,Unemployed,Management,Management
1307,1307,F,40,PhD,Unemployed,IT,IT
1308,1308,F,25,Master,Employed,Hospitality,Hospitality
1309,1309,nonbinary,45,Master,Employed,Science,Science
1310,1310,F,55,Master,Unemployed,IT,IT
1311,1311,F,21,Bachelor,Unemployed,Law,IT
1312,1312,F,34,PhD,Employed,Education,Education
1313,1313,F,32,PhD,Employed,Business,Business
1314,1314,M,54,Bachelor,Unemployed,Education,IT
1315,1315,F,48,Bachelor,Employed,IT,IT
1316,1316,F,40,Master,Unemployed,Science,Science
1317,1317,M,38,HighSchool,Unemployed,Law,Law
1318,1318,F,31,HighSchool,Employed,IT,IT
1319,1319,F,32,Master,Employed,Business,Business
1320,1320,F,40,Bachelor,Unemployed,Business,Business
1321,1321,F,25,Master,Employed,Business,Business
1322,1322,F,30,Bachelor,Employed,Science,Science
1323,1323,nonbinary,32,Bachelor,Employed,Education,Education
1324,1324,F,39,Master,Employed,Engineering,Engineering
1325,1325,M,30,PhD,Employed,IT,IT
1326,1326,F,37,Master,Employed,IT,IT
1327,1327,NS,30,PhD,Unemployed,Science,Science
1328,1328,F,44,Master,Unemployed,Science,Science
1329,1329,F,39,Master,Unemployed,Science,Science
1330,1330,F,46,PhD,Employed,Science,Science
1331,1331,F,43,PhD,Employed,Business,Business
1332,1332,F,31,Master,Unemployed,Engineering,Engineering
1333,1333,F,52,Bachelor,Unemployed,IT,IT
1334,1334,NS,38,Bachelor,Unemployed,Business,Business
1335,1335,F,46,Bachelor,Employed,Media,Media
1336,1336,M,30,Master,Unemployed,Education,Education
1337,1337,NS,32,PhD,Employed,Administration,Administration
1338,1338,F,57,Bachelor,Unemployed,Construction,Construction
1339,1339,F,45,Bachelor,Employed,Hospitality,Hospitality
1340,1340,F,31,Master,Employed,IT,IT
1341,1341,F,23,Master,Unemployed,IT,IT
1342,1342,F,63,HighSchool,Employed,Science,Science
1343,1343,F,40,Bachelor,Employed,Business,Business
1344,1344,F,30,Master,Unemployed,Science,Science
1345,1345,NS,39,Bachelor,Unemployed,IT,IT
1346,1346,F,41,Bachelor,Unemployed,Science,Science
1347,1347,F,50,HighSchool,Employed,IT,IT
1348,1348,nonbinary,38,Bachelor,Employed,Science,Science
1349,1349,F,36,Bachelor,Employed,Science,Science
1350,1350,F,20,Bachelor,Unemployed,Engineering,IT
1351,1351,NS,52,PhD,Employed,Administration,Administration
1352,1352,F,37,HighSchool,Employed,Engineering,Engineering
1353,1353,M,58,PhD,Unemployed,Business,Business
1354,1354,F,32,Master,Employed,Science,IT
1355,1355,NS,52,Master,Unemployed,Business,Business
1356,1356,M,21,Bachelor,Employed,IT,IT
1357,1357,M,34,PhD,Employed,Engineering,IT
1358,1358,M,30,Bachelor,Unemployed,IT,IT
1359,1359,F,24,HighSchool,Employed,IT,IT
1360,1360,M,77,Master,Unemployed,Education,Education
1361,1361,NS,40,Bachelor,Unemployed,Management,Management
1362,1362,F,36,Master,Unemployed,Science,IT
1363,1363,M,34,Bachelor,Employed,Business,Business
1364,1364,F,23,Bachelor,Unemployed,Media,Media
1365,1365,M,26,Master,Employed,Engineering,IT
1366,1366,nonbinary,60,Bachelor,Employed,Science,IT
1367,1367,F,34,PhD,Unemployed,Science,Science
1368,1368,NS,59,Master,Employed,IT,IT
1369,1369,M,22,Bachelor,Employed,Engineering,IT
1370,1370,F,24,Master,Employed,IT,IT
1371,1371,F,59,Bachelor,Unemployed,Engineering,IT
1372,1372,NS,55,PhD,Unemployed,Science,Science
1373,1373,F,25,PhD,Employed,Hospitality,IT
1374,1374,M,59,HighSchool,Unemployed,Management,Management
1375,1375,F,40,Bachelor,Employed,IT,IT
1376,1376,M,77,HighSchool,Employed,Media,Media
1377,1377,F,38,Master,Unemployed,Engineering,IT
1378,1378,F,42,HighSchool,Employed,Engineering,IT
1379,1379,F,25,PhD,Employed,Media,Media
1380,1380,F,38,Bachelor,Unemployed,IT,IT
1381,1381,F,81,Master,Unemployed,Engineering,IT
1382,1382,F,27,Master,Employed,Science,IT
1383,1383,M,58,Master,Unemployed,Business,Business
1384,1384,F,42,Master,Unemployed,Construction,Construction
1385,1385,F,36,HighSchool,Employed,Science,Science
1386,1386,F,36,Bachelor,Unemployed,IT,IT
1387,1387,F,39,Master,Unemployed,IT,IT
1388,1388,F,20,Bachelor,Unemployed,Science,IT
1389,1389,nonbinary,35,PhD,Unemployed,Hospitality,Hospitality
1390,1390,M,26,PhD,Employed,Construction,IT
1391,1391,F,35,PhD,Unemployed,Business,Business
1392,1392,F,30,Bachelor,Unemployed,IT,IT
1393,1393,F,22,Bachelor,Employed,Management,Management
1394,1394,F,37,Bachelor,Unemployed,IT,IT
1395,1395,M,39,Master,Employed,Science,Science
1396,1396,nonbinary,38,HighSchool,Employed,Education,IT
1397,1397,nonbinary,28,Master,Unemployed,Construction,IT
1398,1398,F,38,Bachelor,Employed,Business,Business
1399,1399,M,24,Bachelor,Employed,Management,Management
1400,1400,M,36,PhD,Employed,Health,Health
1401,1401,nonbinary,36,Bachelor,Unemployed,Business,Business
1402,1402,F,40,PhD,Unemployed,Science,Science
1403,1403,NS,61,PhD,Employed,Engineering,Engineering
1404,1404,nonbinary,56,Master,Employed,Science,Science
1405,1405,F,45,Master,Unemployed,IT,IT
1406,1406,F,34,PhD,Employed,Science,IT
1407,1407,F,29,Master,Employed,Education,IT
1408,1408,NS,44,PhD,Employed,Education,Education
1409,1409,nonbinary,30,PhD,Employed,Education,IT
1410,1410,F,20,Bachelor,Employed,IT,IT
1411,1411,M,23,PhD,Unemployed,Hospitality,Hospitality
1412,1412,F,38,Master,Employed,Science,Science
1413,1413,M,24,Master,Unemployed,IT,IT
1414,1414,F,40,Bachelor,Unemployed,Health,Health
1415,1415,M,62,Master,Employed,IT,IT
1416,1416,F,52,Bachelor,Unemployed,Education,Education
1417,1417,F,49,Bachelor,Employed,IT,IT
1418,1418,F,83,Master,Unemployed,Science,Science
1419,1419,M,35,Bachelor,Employed,Media,Media
1420,1420,F,44,Bachelor,Unemployed,Education,Education
1421,1421,F,27,Bachelor,Unemployed,Media,Media
1422,1422,F,76,PhD,Unemployed,Science,Science
1423,1423,F,33,Bachelor,Unemployed,Education,Education
1424,1424,F,29,HighSchool,Employed,Management,Management
1425,1425,M,27,PhD,Unemployed,Health,Health
1426,1426,F,31,Master,Unemployed,Business,Business
1427,1427,M,33,Bachelor,Employed,Construction,Construction
1428,1428,F,25,Bachelor,Employed,IT,IT
1429,1429,nonbinary,37,PhD,Employed,Engineering,IT
1430,1430,F,38,HighSchool,Unemployed,Business,Business
1431,1431,nonbinary,29,Master,Employed,Science,Science
1432,1432,F,44,PhD,Employed,IT,IT
1433,1433,M,43,Master,Unemployed,Business,Business
1434,1434,nonbinary,40,Bachelor,Unemployed,IT,IT
1435,1435,M,52,Master,Employed,IT,IT
1436,1436,F,23,Master,Unemployed,Business,Business
1437,1437,F,50,Bachelor,Unemployed,Business,IT
1438,1438,NS,21,Bachelor,Unemployed,Education,Education
1439,1439,F,71,Bachelor,Employed,IT,IT
1440,1440,F,31,Master,Employed,Education,Education
1441,1441,F,37,Bachelor,Employed,Business,Business
1442,1442,F,32,PhD,Employed,Science,Science
1443,1443,F,38,Bachelor,Unemployed,IT,IT
1444,1444,F,20,PhD,Unemployed,Education,IT
1445,1445,F,38,PhD,Employed,Science,Science
1446,1446,F,37,PhD,Unemployed,Law,Law
1447,1447,M,32,Master,Unemployed,IT,IT
1448,1448,F,22,Master,Unemployed,Law,Law
1449,1449,M,59,Bachelor,Unemployed,Business,Business
1450,1450,NS,37,PhD,Employed,IT,IT
1451,1451,F,42,PhD,Employed,Education,IT
1452,1452,nonbinary,26,Master,Employed,IT,IT
1453,1453,F,38,Master,Unemployed,IT,IT
1454,1454,F,34,Master,Unemployed,IT,IT
1455,1455,F,32,Master,Employed,Science,Science
1456,1456,F,54,Master,Unemployed,Science,IT
1457,1457,F,36,PhD,Employed,IT,IT
1458,1458,F,33,HighSchool,Employed,Science,Science
1459,1459,F,46,PhD,Employed,Education,IT
1460,1460,F,37,Bachelor,Unemployed,IT,IT
1461,1461,F,24,Master,Employed,Engineering,IT
1462,1462,F,33,Bachelor,Unemployed,Business,Business
1463,1463,nonbinary,57,PhD,Unemployed,IT,IT
1464,1464,F,36,Master,Unemployed,Business,Business
1465,1465,F,43,Master,Unemployed,Management,Management
1466,1466,F,38,Master,Unemployed,IT,IT
1467,1467,nonbinary,40,Bachelor,Employed,Engineering,IT
1468,1468,M,38,Bachelor,Employed,Business,Business
1469,1469,nonbinary,30,HighSchool,Employed,IT,IT
1470,1470,F,21,Master,Employed,IT,IT
1471,1471,F,22,HighSchool,Unemployed,Science,IT
1472,1472,F,25,Bachelor,Unemployed,Science,Science
1473,1473,F,33,PhD,Employed,IT,IT
1474,1474,F,33,PhD,Unemployed,Business,Business
1475,1475,F,45,PhD,Unemployed,Hospitality,Hospitality
1476,1476,M,40,PhD,Unemployed,IT,IT
1477,1477,F,29,PhD,Unemployed,Business,Business
1478,1478,M,30,Master,Unemployed,Business,Business
1479,1479,F,90,Bachelor,Unemployed,Management,Management
1480,1480,F,40,Bachelor,Unemployed,IT,IT
1481,1481,F,28,PhD,Unemployed,Education,IT
1482,1482,F,26,PhD,Employed,Science,Science
1483,1483,F,39,Bachelor,Employed,Engineering,Engineering
1484,1484,M,33,Bachelor,Unemployed,IT,IT
1485,1485,F,36,Master,Employed,Science,Science
1486,1486,F,49,Bachelor,Employed,Engineering,Engineering
1487,1487,F,33,Master,Unemployed,Education,Education
1488,1488,F,53,Master,Employed,Administration,Administration
1489,1489,F,40,PhD,Unemployed,Management,Management
1490,1490,F,47,HighSchool,Unemployed,Engineering,IT
1491,1491,F,52,Master,Employed,Media,Media
1492,1492,F,45,Master,Employed,IT,IT
1493,1493,F,31,Bachelor,Employed,IT,IT
1494,1494,M,36,PhD,Employed,Hospitality,Hospitality
1495,1495,F,39,PhD,Unemployed,Engineering,Engineering
1496,1496,F,33,Bachelor,Employed,Engineering,IT
1497,1497,F,32,Master,Employed,Science,Science
1498,1498,M,26,PhD,Employed,IT,IT
1499,1499,F,43,Master,Unemployed,IT,IT
1500,1500,F,30,Bachelor,Employed,Science,IT
1501,1501,F,37,Bachelor,Employed,Media,Media
1502,1502,F,37,Master,Unemployed,Media,IT
1503,1503,M,42,Bachelor,Unemployed,Science,Science
1504,1504,F,38,Master,Employed,Media,Media
1505,1505,F,40,Bachelor,Unemployed,Education,IT
1506,1506,F,51,Master,Unemployed,IT,IT
1507,1507,M,47,Bachelor,Unemployed,Engineering,IT
1508,1508,F,20,Bachelor,Employed,IT,IT
1509,1509,F,36,PhD,Employed,IT,IT
1510,1510,F,60,PhD,Employed,Science,Science
1511,1511,F,33,PhD,Employed,Science,Science
1512,1512,F,30,HighSchool,Employed,Business,Business
1513,1513,M,57,PhD,Employed,IT,IT
1514,1514,M,59,PhD,Unemployed,Engineering,Engineering
1515,1515,F,51,PhD,Employed,Media,Media
1516,1516,F,65,PhD,Unemployed,Media,Media
1517,1517,F,59,PhD,Employed,Management,Management
1518,1518,F,28,Bachelor,Unemployed,Engineering,Engineering
1519,1519,M,49,Master,Employed,IT,IT
1520,1520,F,40,Master,Unemployed,IT,IT
1521,1521,F,47,Master,Unemployed,Construction,Construction
1522,1522,F,48,Bachelor,Employed,Management,Management
1523,1523,M,37,PhD,Employed,IT,IT
1524,1524,F,34,PhD,Unemployed,Engineering,Engineering
1525,1525,F,21,Bachelor,Unemployed,Engineering,IT
1526,1526,F,31,HighSchool,Employed,IT,IT
1527,1527,F,31,PhD,Unemployed,IT,IT
1528,1528,M,47,Master,Employed,Education,Education
1529,1529,F,36,HighSchool,Employed,Business,Business
1530,1530,F,54,Master,Unemployed,Administration,Administration
1531,1531,F,32,Master,Employed,Education,Education
1532,1532,F,36,Master,Unemployed,Science,IT
1533,1533,F,35,PhD,Employed,Education,Education
1534,1534,F,32,Master,Unemployed,Management,Management
1535,1535,F,50,Bachelor,Unemployed,Science,IT
1536,1536,F,48,Master,Unemployed,IT,IT
1537,1537,F,21,Master,Employed,IT,IT
1538,1538,nonbinary,45,PhD,Unemployed,Engineering,Engineering
1539,1539,F,25,HighSchool,Employed,Education,Education
1540,1540,F,33,Master,Employed,IT,IT
1541,1541,F,32,PhD,Unemployed,Education,Education
1542,1542,nonbinary,47,PhD,Unemployed,Science,Science
1543,1543,F,30,Bachelor,Unemployed,Business,Business
1544,1544,F,39,Bachelor,Unemployed,Science,Science
1545,1545,F,59,Master,Unemployed,IT,IT
1546,1546,nonbinary,54,Bachelor,Unemployed,Hospitality,Hospitality
1547,1547,F,40,HighSchool,Employed,Science,Science
1548,1548,M,33,Master,Unemployed,Hospitality,Hospitality
1549,1549,F,40,Master,Employed,Science,IT
1550,1550,F,43,PhD,Employed,Administration,Administration
1551,1551,M,40,Master,Employed,Business,Business
1552,1552,F,35,Bachelor,Employed,Management,Management
1553,1553,F,35,Master,Employed,Science,Science
1554,1554,F,36,PhD,Unemployed,IT,IT
1555,1555,M,40,Bachelor,Employed,IT,IT
1556,1556,M,25,Bachelor,Unemployed,IT,IT
1557,1557,F,40,Bachelor,Unemployed,Engineering,IT
1558,1558,NS,20,PhD,Employed,Engineering,Engineering
1559,1559,F,30,Bachelor,Employed,IT,IT
1560,1560,F,47,Master,Unemployed,Media,Media
1561,1561,M,25,Master,Unemployed,IT,IT
1562,1562,F,23,Bachelor,Unemployed,Science,Science
1563,1563,M,27,Bachelor,Employed,IT,IT
1564,1564,F,57,PhD,Unemployed,Business,IT
1565,1565,F,44,PhD,Unemployed,Engineering,IT
1566,1566,F,23,Master,Employed,Engineering,Engineering
1567,1567,nonbinary,38,Bachelor,Employed,Science,IT
1568,1568,F,38,Master,Employed,Hospitality,Hospitality
1569,1569,F,33,Bachelor,Employed,Hospitality,Hospitality
1570,1570,F,40,Bachelor,Employed,Hospitality,Hospitality
1571,1571,nonbinary,42,Bachelor,Unemployed,Business,Business
1572,1572,F,50,Master,Unemployed,Construction,Construction
1573,1573,F,89,PhD,Unemployed,Administration,Administration
1574,1574,F,33,Bachelor,Employed,Education,Education
1575,1575,F,32,Master,Employed,IT,IT
1576,1576,F,65,Bachelor,Employed,IT,IT
1577,1577,NS,35,PhD,Employed,Science,IT
1578,1578,nonbinary,33,Bachelor,Unemployed,Education,IT
1579,1579,F,37,PhD,Unemployed,IT,IT
1580,1580,F,48,Bachelor,Employed,Law,Law
1581,1581,F,23,PhD,Unemployed,IT,IT
1582,1582,F,39,Bachelor,Employed,IT,IT
1583,1583,F,30,Master,Unemployed,IT,IT
1584,1584,M,36,Master,Unemployed,Business,Business
1585,1585,F,30,Bachelor,Unemployed,Engineering,IT
1586,1586,F,39,PhD,Employed,IT,IT
1587,1587,F,38,PhD,Employed,Science,IT
1588,1588,M,45,Bachelor,Employed,IT,IT
1589,1589,F,38,Master,Employed,IT,IT
1590,1590,F,58,PhD,Unemployed,IT,IT
1591,1591,F,33,Master,Employed,Media,Media
1592,1592,F,42,HighSchool,Employed,IT,IT
1593,1593,F,33,Master,Employed,IT,IT
1594,1594,F,49,PhD,Employed,Farming,Farming
1595,1595,F,34,PhD,Unemployed,IT,IT
1596,1596,NS,44,Master,Employed,IT,IT
1597,1597,NS,35,PhD,Employed,IT,IT
1598,1598,F,50,Master,Unemployed,Education,Education
1599,1599,M,31,Master,Employed,IT,IT
1600,1600,M,36,PhD,Employed,Science,IT
1601,1601,F,40,Bachelor,Unemployed,Business,Business
1602,1602,M,51,Master,Unemployed,Education,Education
1603,1603,nonbinary,30,Bachelor,Employed,Law,IT
1604,1604,F,58,PhD,Employed,Engineering,IT
1605,1605,F,33,Bachelor,Employed,IT,IT
1606,1606,F,24,PhD,Employed,IT,IT
1607,1607,F,43,Bachelor,Employed,Science,Science
1608,1608,F,41,Master,Unemployed,Engineering,Engineering
1609,1609,M,43,HighSchool,Unemployed,Science,Science
1610,1610,M,20,PhD,Unemployed,Business,Business
1611,1611,nonbinary,38,PhD,Unemployed,IT,IT
1612,1612,F,36,HighSchool,Employed,IT,IT
1613,1613,F,33,Master,Employed,Education,IT
1614,1614,F,39,Master,Employed,IT,IT
1615,1615,M,60,Bachelor,Employed,IT,IT
1616,1616,F,23,Master,Unemployed,Science,Science
1617,1617,F,36,HighSchool,Employed,Science,Science
1618,1618,M,50,Bachelor,Employed,Farming,IT
1619,1619,F,37,PhD,Unemployed,Science,IT
1620,1620,M,37,PhD,Employed,Hospitality,IT
1621,1621,F,25,Bachelor,Employed,Media,Media
1622,1622,F,26,Bachelor,Employed,IT,IT
1623,1623,NS,30,Master,Unemployed,Business,Business
1624,1624,M,22,PhD,Employed,Business,IT
1625,1625,F,38,PhD,Employed,IT,IT
1626,1626,F,20,PhD,Unemployed,Business,Business
1627,1627,F,39,Master,Unemployed,Science,Science
1628,1628,F,51,Master,Employed,IT,IT
1629,1629,F,20,Bachelor,Employed,Hospitality,Hospitality
1630,1630,F,33,Bachelor,Unemployed,Engineering,IT
1631,1631,F,36,Bachelor,Employed,Science,IT
1632,1632,F,40,Master,Unemployed,Science,Science
1633,1633,F,35,HighSchool,Unemployed,Science,Science
1634,1634,F,70,Master,Employed,IT,IT
1635,1635,F,45,Bachelor,Unemployed,Engineering,Engineering
1636,1636,F,29,Master,Unemployed,Science,Science
1637,1637,nonbinary,37,PhD,Employed,IT,IT
1638,1638,F,58,Master,Employed,Media,Media
1639,1639,F,40,Bachelor,Unemployed,IT,IT
1640,1640,M,60,Bachelor,Unemployed,IT,IT
1641,1641,F,40,PhD,Employed,Media,Media
1642,1642,F,33,Bachelor,Employed,IT,IT
1643,1643,F,39,PhD,Unemployed,IT,IT
1644,1644,F,36,Bachelor,Unemployed,IT,IT
1645,1645,F,54,Master,Unemployed,Engineering,IT
1646,1646,F,56,Master,Employed,Business,IT
1647,1647,F,37,Bachelor,Unemployed,Administration,Administration
1648,1648,F,39,HighSchool,Unemployed,Science,Science
1649,1649,M,21,HighSchool,Unemployed,Engineering,Engineering
1650,1650,F,40,Master,Employed,IT,IT
1651,1651,M,28,Bachelor,Employed,Business,Business
1652,1652,F,39,Bachelor,Unemployed,Science,Science
1653,1653,F,85,Bachelor,Unemployed,Engineering,Engineering
1654,1654,F,31,PhD,Employed,Business,Business
1655,1655,nonbinary,40,Master,Employed,IT,IT
1656,1656,F,38,Bachelor,Employed,Business,Business
1657,1657,M,32,Master,Employed,IT,IT
1658,1658,F,34,PhD,Employed,IT,IT
1659,1659,M,35,Bachelor,Unemployed,Education,Education
1660,1660,F,35,Bachelor,Unemployed,Business,Business
1661,1661,M,40,Master,Employed,IT,IT
1662,1662,F,48,HighSchool,Unemployed,Science,Science
1663,1663,F,23,Master,Employed,Science,IT
1664,1664,M,44,Master,Employed,Science,IT
1665,1665,F,53,Master,Unemployed,Management,Management
1666,1666,M,50,HighSchool,Unemployed,Business,Business
1667,1667,F,40,PhD,Employed,IT,IT
1668,1668,F,41,Master,Employed,IT,IT
1669,1669,F,39,Master,Employed,Administration,Administration
1670,1670,M,24,Master,Employed,Science,Science
1671,1671,F,24,Bachelor,Unemployed,Hospitality,Hospitality
1672,1672,F,39,Bachelor,Unemployed,Science,Science
1673,1673,F,40,HighSchool,Employed,Business,Business
1674,1674,M,50,Bachelor,Unemployed,Science,Science
1675,1675,F,58,Master,Unemployed,Science,Science
1676,1676,M,40,PhD,Unemployed,Hospitality,Hospitality
1677,1677,M,37,PhD,Employed,Education,Education
1678,1678,F,48,Bachelor,Unemployed,Science,Science
1679,1679,F,39,PhD,Unemployed,IT,IT
1680,1680,F,22,Master,Unemployed,Management,Management
1681,1681,F,55,Bachelor,Employed,IT,IT
1682,1682,F,33,Master,Employed,IT,IT
1683,1683,NS,33,Master,Unemployed,IT,IT
1684,1684,F,39,PhD,Unemployed,Education,IT
1685,1685,F,38,Master,Employed,Science,Science
1686,1686,F,37,HighSchool,Unemployed,Science,Science
1687,1687,F,28,Master,Unemployed,IT,IT
1688,1688,F,46,Bachelor,Unemployed,Education,IT
1689,1689,M,22,Bachelor,Unemployed,IT,IT
1690,1690,F,58,PhD,Unemployed,Engineering,Engineering
1691,1691,F,89,Master,Unemployed,Education,Education
1692,1692,F,60,Master,Unemployed,Farming,Farming
1693,1693,F,22,Bachelor,Employed,IT,IT
1694,1694,F,52,Bachelor,Unemployed,IT,IT
1695,1695,F,30,PhD,Employed,IT,IT
1696,1696,F,40,Master,Employed,IT,IT
1697,1697,nonbinary,59,PhD,Employed,IT,IT
1698,1698,F,37,HighSchool,Unemployed,Engineering,IT
1699,1699,F,31,Master,Employed,Hospitality,Hospitality
1700,1700,F,60,HighSchool,Employed,Engineering,Engineering
1701,1701,F,34,Master,Employed,Education,Education
1702,1702,M,40,Bachelor,Unemployed,Education,IT
1703,1703,F,43,PhD,Unemployed,Education,Education
1704,1704,F,26,PhD,Unemployed,Health,Health
1705,1705,F,32,Master,Unemployed,IT,IT
1706,1706,F,47,PhD,Unemployed,Education,Education
1707,1707,F,31,Bachelor,Unemployed,IT,IT
1708,1708,M,34,Master,Unemployed,IT,IT
1709,1709,F,40,Master,Employed,Management,Management
1710,1710,nonbinary,37,Bachelor,Employed,Health,Health
1711,1711,F,37,PhD,Employed,Education,Education
1712,1712,M,35,Master,Unemployed,Engineering,IT
1713,1713,F,35,Master,Unemployed,Engineering,Engineering
1714,1714,F,34,Bachelor,Unemployed,Science,Science
1715,1715,F,37,Master,Employed,Business,Business
1716,1716,F,34,Master,Employed,IT,IT
1717,1717,M,56,Master,Unemployed,IT,IT
1718,1718,M,57,Bachelor,Unemployed,Business,Business
1719,1719,F,31,Bachelor,Employed,Science,Science
1720,1720,F,59,HighSchool,Employed,Engineering,Engineering
1721,1721,F,35,HighSchool,Employed,Engineering,IT
1722,1722,nonbinary,33,Master,Employed,Health,Health
1723,1723,F,49,PhD,Employed,IT,IT
1724,1724,M,38,Bachelor,Employed,Science,Science
1725,1725,M,36,HighSchool,Unemployed,Engineering,IT
1726,1726,F,44,Bachelor,Unemployed,Science,IT
1727,1727,M,48,Bachelor,Employed,IT,IT
1728,1728,F,39,Master,Unemployed,Education,Education
1729,1729,F,30,Bachelor,Employed,Education,IT
1730,1730,F,40,Master,Employed,IT,IT
1731,1731,NS,33,Master,Employed,Education,IT
1732,1732,F,39,HighSchool,Employed,Education,IT
1733,1733,F,31,PhD,Employed,Engineering,Engineering
1734,1734,F,42,PhD,Unemployed,Hospitality,Hospitality
1735,1735,F,48,PhD,Unemployed,Law,Law
1736,1736,F,51,Master,Employed,Hospitality,Hospitality
1737,1737,nonbinary,38,Master,Employed,Education,IT
1738,1738,F,40,Master,Unemployed,Hospitality,Hospitality
1739,1739,M,61,Master,Unemployed,Science,Science
1740,1740,F,28,Bachelor,Employed,Engineering,Engineering
1741,1741,F,50,Master,Unemployed,IT,IT
1742,1742,F,31,Bachelor,Employed,Business,Business
1743,1743,F,30,PhD,Unemployed,Science,Science
1744,1744,F,24,Master,Employed,Education,Education
1745,1745,F,27,Bachelor,Employed,IT,IT
1746,1746,F,30,PhD,Employed,IT,IT
1747,1747,F,32,PhD,Employed,Media,Media
1748,1748,nonbinary,56,PhD,Employed,Farming,Farming
1749,1749,F,46,PhD,Employed,Business,Business
1750,1750,NS,55,Master,Unemployed,IT,IT
1751,1751,F,38,Master,Employed,Administration,Administration
1752,1752,M,43,PhD,Unemployed,Science,Science
1753,1753,nonbinary,39,Bachelor,Employed,Science,IT
1754,1754,F,49,Master,Unemployed,Science,Science
1755,1755,NS,45,Bachelor,Employed,IT,IT
1756,1756,M,39,Bachelor,Unemployed,IT,IT
1757,1757,F,35,Master,Unemployed,Education,IT
1758,1758,F,28,Bachelor,Unemployed,Engineering,Engineering
1759,1759,M,20,Bachelor,Unemployed,IT,IT
1760,1760,F,39,Bachelor,Unemployed,IT,IT
1761,1761,nonbinary,60,PhD,Unemployed,IT,IT
1762,1762,nonbinary,50,PhD,Unemployed,Business,Business
1763,1763,M,40,HighSchool,Employed,Media,Media
1764,1764,F,31,PhD,Unemployed,Engineering,Engineering
1765,1765,F,30,PhD,Employed,Engineering,IT
1766,1766,F,41,PhD,Unemployed,IT,IT
1767,1767,F,35,PhD,Employed,IT,IT
1768,1768,F,83,PhD,Unemployed,Hospitality,Hospitality
1769,1769,M,31,Master,Employed,IT,IT
1770,1770,F,38,Master,Unemployed,Engineering,IT
1771,1771,NS,47,HighSchool,Unemployed,IT,IT
1772,1772,F,40,Bachelor,Employed,IT,IT
1773,1773,NS,35,PhD,Employed,Science,Science
1774,1774,F,42,Master,Unemployed,Science,IT
1775,1775,F,35,Bachelor,Unemployed,Education,Education
1776,1776,F,38,Master,Unemployed,IT,IT
1777,1777,F,59,PhD,Employed,Education,Education
1778,1778,F,28,Bachelor,Employed,Media,Media
1779,1779,F,41,Bachelor,Unemployed,Education,Education
1780,1780,F,31,PhD,Unemployed,Media,IT
1781,1781,F,34,PhD,Employed,Science,IT
1782,1782,F,29,Master,Employed,IT,IT
1783,1783,F,50,PhD,Employed,Education,Education
1784,1784,M,30,Master,Unemployed,Science,Science
1785,1785,F,46,HighSchool,Employed,IT,IT
1786,1786,F,24,PhD,Unemployed,Engineering,Engineering
1787,1787,F,33,Master,Employed,Science,Science
1788,1788,F,38,Bachelor,Unemployed,IT,IT
1789,1789,F,36,Bachelor,Unemployed,Construction,IT
1790,1790,F,23,Master,Unemployed,Administration,Administration
1791,1791,M,33,Master,Unemployed,Business,Business
1792,1792,F,31,Master,Unemployed,IT,IT
1793,1793,NS,57,HighSchool,Employed,Science,Science
1794,1794,F,40,Bachelor,Employed,Science,Science
1795,1795,F,24,Master,Unemployed,IT,IT
1796,1796,M,26,Master,Employed,IT,IT
1797,1797,F,49,Master,Unemployed,Law,Law
1798,1798,F,30,PhD,Unemployed,Hospitality,Hospitality
1799,1799,F,39,PhD,Employed,Business,Business
1800,1800,F,37,PhD,Employed,Hospitality,Hospitality
1801,1801,F,44,Bachelor,Employed,Engineering,Engineering
1802,1802,F,35,HighSchool,Unemployed,Engineering,IT
1803,1803,F,37,Bachelor,Unemployed,Hospitality,Hospitality
1804,1804,F,21,Bachelor,Unemployed,IT,IT
1805,1805,F,29,HighSchool,Unemployed,Science,Science
1806,1806,M,48,PhD,Employed,Education,IT
1807,1807,nonbinary,35,Master,Unemployed,Farming,Farming
1808,1808,F,30,Bachelor,Employed,Science,Science
1809,1809,F,31,Bachelor,Unemployed,Science,IT
1810,1810,F,39,Bachelor,Unemployed,Education,IT
1811,1811,M,39,Master,Employed,Science,Science
1812,1812,M,30,Bachelor,Employed,IT,IT
1813,1813,M,22,PhD,Employed,IT,IT
1814,1814,F,32,Master,Unemployed,IT,IT
1815,1815,M,82,Bachelor,Unemployed,IT,IT
1816,1816,F,27,HighSchool,Unemployed,Hospitality,Hospitality
1817,1817,F,32,HighSchool,Unemployed,Science,Science
1818,1818,F,40,HighSchool,Unemployed,Education,IT
1819,1819,F,34,HighSchool,Unemployed,Business,Business
1820,1820,M,35,Master,Employed,Media,Media
1821,1821,F,21,Master,Unemployed,Science,Science
1822,1822,F,50,Master,Employed,Media,Media
1823,1823,F,49,Master,Employed,Education,Education
1824,1824,F,34,PhD,Employed,Farming,Farming
1825,1825,F,37,HighSchool,Employed,Engineering,Engineering
1826,1826,M,33,Master,Employed,IT,IT
1827,1827,F,89,HighSchool,Unemployed,Business,Business
1828,1828,F,60,Master,Unemployed,IT,IT
1829,1829,M,39,Master,Unemployed,Science,Science
1830,1830,F,46,Master,Employed,Science,Science
1831,1831,F,31,Master,Unemployed,IT,IT
1832,1832,F,42,Master,Employed,Science,Science
1833,1833,F,59,Bachelor,Unemployed,IT,IT
1834,1834,NS,35,Master,Employed,Administration,Administration
1835,1835,F,41,PhD,Employed,Media,Media
1836,1836,NS,56,Bachelor,Employed,Construction,Construction
1837,1837,F,25,Bachelor,Unemployed,Business,Business
1838,1838,F,34,Master,Unemployed,Science,Science
1839,1839,F,55,Bachelor,Unemployed,Engineering,Engineering
1840,1840,F,37,PhD,Employed,Science,IT
1841,1841,F,42,Bachelor,Unemployed,Business,Business
1842,1842,nonbinary,30,Master,Employed,IT,IT
1843,1843,M,29,Master,Unemployed,Business,IT
1844,1844,M,49,Bachelor,Unemployed,IT,IT
1845,1845,NS,21,Bachelor,Unemployed,Law,Law
1846,1846,F,39,HighSchool,Unemployed,Law,Law
1847,1847,F,32,PhD,Employed,Business,Business
1848,1848,F,31,Bachelor,Unemployed,Business,Business
1849,1849,F,24,Bachelor,Employed,Engineering,IT
1850,1850,F,30,Bachelor,Employed,Media,Media
1851,1851,F,37,HighSchool,Employed,Administration,Administration
1852,1852,F,31,Master,Unemployed,IT,IT
1853,1853,F,36,Master,Employed,IT,IT
1854,1854,M,33,Master,Unemployed,IT,IT
1855,1855,F,40,Bachelor,Employed,Science,Science
1856,1856,M,44,PhD,Unemployed,IT,IT
1857,1857,F,44,PhD,Unemployed,Administration,Administration
1858,1858,F,46,Bachelor,Employed,Engineering,Engineering
1859,1859,F,31,Bachelor,Unemployed,Science,Science
1860,1860,F,35,Master,Employed,Law,IT
1861,1861,F,39,Master,Employed,IT,IT
1862,1862,F,37,Master,Unemployed,Business,Business
1863,1863,NS,37,HighSchool,Employed,Engineering,Engineering
1864,1864,F,36,Bachelor,Unemployed,Media,Media
1865,1865,F,38,PhD,Unemployed,Farming,IT
1866,1866,F,31,Bachelor,Unemployed,Construction,Construction
1867,1867,F,21,Master,Employed,Hospitality,Hospitality
1868,1868,F,30,Master,Unemployed,IT,IT
1869,1869,F,29,Master,Employed,IT,IT
1870,1870,F,37,Bachelor,Employed,Hospitality,Hospitality
1871,1871,nonbinary,24,HighSchool,Unemployed,Construction,Construction
1872,1872,M,27,HighSchool,Unemployed,Education,Education
1873,1873,M,55,Master,Employed,Health,Health
1874,1874,nonbinary,56,Bachelor,Employed,Business,Business
1875,1875,F,36,HighSchool,Unemployed,Hospitality,Hospitality
1876,1876,F,28,PhD,Unemployed,Education,IT
1877,1877,F,30,Master,Unemployed,Media,Media
1878,1878,F,51,Master,Unemployed,Business,Business
1879,1879,F,40,PhD,Unemployed,IT,IT
1880,1880,nonbinary,45,Bachelor,Unemployed,Business,IT
1881,1881,F,35,Master,Employed,Engineering,Engineering
1882,1882,M,30,Bachelor,Unemployed,Law,Law
1883,1883,F,76,HighSchool,Unemployed,Education,Education
1884,1884,F,30,Master,Unemployed,IT,IT
1885,1885,F,34,Master,Employed,Hospitality,Hospitality
1886,1886,F,32,HighSchool,Employed,Education,IT
1887,1887,NS,51,PhD,Employed,IT,IT
1888,1888,M,27,Master,Unemployed,Education,Education
1889,1889,F,22,PhD,Employed,Science,Science
1890,1890,F,34,Master,Employed,Science,Science
1891,1891,F,26,Master,Unemployed,Engineering,IT
1892,1892,M,38,PhD,Employed,IT,IT
1893,1893,F,30,Bachelor,Unemployed,Business,Business
1894,1894,F,54,Master,Unemployed,Science,Science
1895,1895,F,35,PhD,Unemployed,Media,Media
1896,1896,nonbinary,58,Master,Unemployed,IT,IT
1897,1897,F,21,Bachelor,Unemployed,IT,IT
1898,1898,F,28,Bachelor,Employed,Education,Education
1899,1899,F,44,PhD,Unemployed,Engineering,Engineering
1900,1900,F,50,Bachelor,Employed,Education,Education
1901,1901,M,37,Master,Employed,Science,Science
1902,1902,F,39,Bachelor,Unemployed,Science,Science
1903,1903,F,30,Bachelor,Unemployed,Law,Law
1904,1904,F,56,Bachelor,Employed,Business,Business
1905,1905,F,44,HighSchool,Unemployed,IT,IT
1906,1906,nonbinary,39,Bachelor,Employed,Education,Education
1907,1907,F,35,Master,Unemployed,IT,IT
1908,1908,F,21,Master,Employed,IT,IT
1909,1909,F,24,Bachelor,Employed,Media,Media
1910,1910,F,33,Master,Employed,IT,IT
1911,1911,F,44,HighSchool,Employed,Engineering,IT
1912,1912,F,58,HighSchool,Employed,IT,IT
1913,1913,F,39,Master,Employed,IT,IT
1914,1914,M,49,Bachelor,Unemployed,Science,IT
1915,1915,F,30,Bachelor,Employed,Business,Business
1916,1916,F,35,Bachelor,Employed,Education,Education
1917,1917,F,51,Master,Unemployed,Law,Law
1918,1918,F,58,Bachelor,Unemployed,Education,IT
1919,1919,M,34,HighSchool,Unemployed,IT,IT
1920,1920,F,28,Master,Unemployed,IT,IT
1921,1921,F,54,Master,Unemployed,Education,IT
1922,1922,nonbinary,40,Master,Unemployed,Business,Business
1923,1923,M,37,PhD,Unemployed,IT,IT
1924,1924,F,21,Master,Unemployed,IT,IT
1925,1925,NS,42,PhD,Employed,Engineering,IT
1926,1926,M,40,Master,Unemployed,Education,Education
1927,1927,NS,26,Master,Unemployed,IT,IT
1928,1928,F,28,PhD,Unemployed,IT,IT
1929,1929,F,28,PhD,Employed,Business,Business
1930,1930,F,52,Bachelor,Employed,IT,IT
1931,1931,M,44,Master,Employed,IT,IT
1932,1932,nonbinary,29,Bachelor,Unemployed,Hospitality,Hospitality
1933,1933,F,25,Master,Employed,Business,Business
1934,1934,F,31,Bachelor,Unemployed,Engineering,IT
1935,1935,F,29,HighSchool,Unemployed,Law,Law
1936,1936,F,38,Bachelor,Unemployed,IT,IT
1937,1937,F,30,Master,Unemployed,Engineering,Engineering
1938,1938,F,22,PhD,Employed,IT,IT
1939,1939,F,31,Bachelor,Unemployed,Engineering,IT
1940,1940,F,37,Bachelor,Employed,Science,Science
1941,1941,M,40,PhD,Unemployed,Hospitality,Hospitality
1942,1942,F,50,Bachelor,Employed,Business,IT
1943,1943,nonbinary,38,Master,Employed,Science,Science
1944,1944,M,36,Bachelor,Unemployed,IT,IT
1945,1945,F,40,Bachelor,Employed,IT,IT
1946,1946,F,39,HighSchool,Employed,Media,Media
1947,1947,F,37,PhD,Employed,Business,Business
1948,1948,F,37,PhD,Employed,Science,Science
1949,1949,F,59,PhD,Employed,Hospitality,Hospitality
1950,1950,F,38,Bachelor,Unemployed,Media,Media
1951,1951,NS,27,Master,Employed,Education,IT
1952,1952,M,24,HighSchool,Employed,Engineering,IT
1953,1953,NS,25,Master,Employed,IT,IT
1954,1954,M,31,Master,Employed,IT,IT
1955,1955,F,27,PhD,Employed,Education,Education
1956,1956,NS,41,Bachelor,Unemployed,IT,IT
1957,1957,F,46,Bachelor,Employed,Education,Education
1958,1958,F,25,Master,Employed,IT,IT
1959,1959,F,34,Master,Unemployed,Education,Education
1960,1960,M,20,Bachelor,Employed,Science,Science
1961,1961,F,33,PhD,Unemployed,Science,Science
1962,1962,F,30,Bachelor,Unemployed,Science,Science
1963,1963,nonbinary,25,PhD,Employed,IT,IT
1964,1964,F,53,Master,Employed,IT,IT
1965,1965,F,41,Master,Unemployed,IT,IT
1966,1966,M,69,Bachelor,Employed,Engineering,Engineering
1967,1967,nonbinary,82,PhD,Employed,Science,Science
1968,1968,F,24,Bachelor,Unemployed,Hospitality,Hospitality
1969,1969,NS,38,PhD,Employed,Business,Business
1970,1970,F,30,Bachelor,Employed,Education,IT
1971,1971,F,25,PhD,Employed,Business,Business
1972,1972,F,41,Master,Employed,Management,Management
1973,1973,F,43,PhD,Employed,Education,Education
1974,1974,F,33,Bachelor,Unemployed,IT,IT
1975,1975,F,27,Master,Unemployed,IT,IT
1976,1976,nonbinary,44,Bachelor,Unemployed,Health,Health
1977,1977,F,35,Bachelor,Employed,Hospitality,Hospitality
1978,1978,F,35,Master,Unemployed,Business,Business
1979,1979,F,39,PhD,Employed,Management,Management
1980,1980,F,53,HighSchool,Employed,Science,IT
1981,1981,F,32,Master,Unemployed,Education,Education
1982,1982,F,37,Bachelor,Unemployed,IT,IT
1983,1983,F,32,Master,Employed,Education,IT
1984,1984,NS,44,PhD,Unemployed,Media,Media
1985,1985,F,60,Master,Employed,Education,Education
1986,1986,F,26,Bachelor,Employed,Hospitality,Hospitality
1987,1987,F,30,Master,Employed,Science,IT
1988,1988,F,30,Bachelor,Employed,Health,Health
1989,1989,F,48,Bachelor,Employed,IT,IT
1990,1990,F,30,Bachelor,Unemployed,IT,IT
1991,1991,F,26,PhD,Unemployed,IT,IT
1992,1992,F,34,PhD,Unemployed,Hospitality,Hospitality
1993,1993,F,34,Master,Unemployed,Business,Business
1994,1994,F,24,PhD,Employed,IT,IT
1995,1995,F,39,PhD,Unemployed,Science,IT
1996,1996,F,34,Master,Unemployed,Science,Science
1997,1997,M,53,HighSchool,Unemployed,Engineering,Engineering
1998,1998,F,36,Bachelor,Unemployed,IT,IT
1999,1999,F,31,Bachelor,Unemployed,IT,IT
